,Unnamed: 0,question_text,topics,answer_text,q_token_count,a_token_count,a_text_length,tf_type_zero_shot,tf_score
2,1263,i have known i was always different this year in december i found out that i never felt female i did research and have identified myself as male but dont know how to tell my dad,familyconflict,in part the answer depends on your ageif you are legally a minor then consulting with a doctor for guidance on transitioning will require your father or whoever else pays for your health insurancethe way to tell him if it is a necessity and even if you are older and would like him to know your truth is as followsknow the reason for your hesitancy to speak with himthis  way you can anticipate and to some degree rehearse your answerstell him the truth about your own difficulty to speak about the topic  people usually soften if they feel you appeal to their compassion and sensitivityalso accept that you may hear a bad reaction from him and be prepared for this possibility,1,1,677,T,0.5127682685852051
4,2701,"i am in a high stress position for a tech company i am being overworked and underpaid for my contributions and it is not only giving me anxiety but also demoralizing

what can i do to manage my stress",stressworkplace relationships,recognize your reason for continuing to work for this placesometimes overworked and underpaid is tolerable bc of the valuable learning which the person will take with them when theyve decided the time has come for these lessons to endor are you in this place bc it is an easy commute to your home or fits well with other parts of your life such as education or some health related programas long as you have a good reason to be there you will feel there is good purposeif there is no good purpose and every day you wake up to work for a place you cant stand then its time to look for a new position,1,1,598,T,0.873430073261261
6,288,i started having anxiety three months ago im new to having anxiety and its making me depressed,depression,i agree with cory acceptance and commitment therapy act does seem to help a lot of people who struggle with anxiety its not the only type of therapy that can help but it seems to help people in a way that is more natural and realistic as cory mentioned anxiety is something that is part of life so therapies that indicate we can get rid of it are questionable our natural inclination when we have anxiety is to stop any and all things that may cause it or provoke it we do this because we think it will help but it actually doesnt anxiety usually has us rehashing the past or rehearsing the future while ignoring the present act helps folks who have those kinds of tendencies be wellrobin j landwehr dbh lpc ncc,1,1,711,T,0.757630467414856
11,1108,he said that if i were to visit my mother he will be gone when i get back my boyfriend and i hit a rough patch in our relationship a few months back and my mom had a few choice words with him,intimacy,your boyfriend and you have a separate relationship than your relationship with your mother   by trying to control whether or not you visit your mom unless you are in agreement with this is building tension between you and himask why he resents your interest to see your motherif he is insecure to the point where he fears your mother will influence your opinion about him then trying to prevent you from visiting your mom is itself creating negativity in you toward himif something still bothers him about the problems you both had several months ago then talking about these problems will do more to clear the air between the two of you than him trying to interfere in your relationship with your mother,1,1,705,T,0.697318434715271
14,1205,my boyfriend and i recently broke up one week we were fine and the next he told me he needed space he completely deleted me out of his life he does have an opiate addiction he claimed he was sober but since weve split ive heard many lies from him could he be using again and does this addiction affect the mind,substanceabuse,studies have proven that addiction affects the brain there are many coping skills that addicts use to enable their addiction as well  i would recommend that you speak with someone abut your relationship and your concerns  not only so you can have more clarity in the situation but we often tend to gravitate around or toward the same types of individuals  being more aware of your relationship will help you in the future when reengaging in personal relationships,1,1,463,T,0.8880776762962341
15,644,i am a counselor at day camp where we have a child with severe autism we try to keep him entertained by carrying cards around for when he starts acting up so we can get him to focus on something else the day camp administrator has told us not to yell at him because he will zone out and not listen so we just talk in a calm voice however other kids see the treatment as unfair,parenting,behavioral interaction with someone who has severe autism requires highly specialized training both for any professional staff involved with the person and for the family membersit is an unfair situation for both the person who has autism as well as the campers who do not to expect both sides to get along harmoniouslyin order to achieve this the campers would need specialized training to know how to respond to distress in the camper who has autismthis would obviously stretch and burden the summer camp budget as well as provide an activity which usually isnt part of summer camp for childrenwhat you can do which may be productive in helping the camper who has autism is to point out the interaction difficulty to the summer administratorsultimately it is their problem to only take campers who are able to reasonably adjust to socializing together and from what you write the administration has overreached whom they consider reasonable camper mates,1,1,955,T,0.833101749420166
17,2782,"we rent from from my boyfriends parents his father drops by unannounced and stays for long periods of time he lets himself into our home when we arent there on a daily basis and takes our dogs to his house he picks up our mail he has no boundaries 

hes an opinionated rude pushy person he expects to spend every weekend around us gives unsolicited advice on child rearing and does not respect our privacy at all he barges in with no warning he has a key and lets himself into our house without asking permission i need help how do i address this",family conflictrelationships,youre expecting reasonable behaviors from your boyfriends fathersince the father is his your boyfriend is the person in position to speak directly with his dad about the expectations you and he have of the fatherif your boyfriend has a good relationship w his dad which is not what this sounds like then greatif your boyfriend has a stressed and tense relationship w his dad then somehow he needs to develop or be coached and encouraged by the people in his life who truly care about and know him a way to state the very reasonable standards you describe hereif all else fails then a new living space is always another possibility,1,1,630,T,0.7089462280273438
18,787,i got married in  i have a two year old son his mom and i decided to separate due to my infidelities weve tried to reconcile our differences but it never works out since weve been separated ive dated someone and we are expecting a baby girl is this something i should mention to my wife the current woman whom im dating has been telling me for months to break up with her but its hard because i actually love her,relationshipdissolution,my answer is yes you should tell her because you have a child with her she is the mother of your son and this new baby would be his half sister i think telling her is mature and appropriate usually procrastinating just makes it worseanother thing to consider would you want her to tell you if she was pregnant with her boyfriends baby hope this helps take care,1,1,360,T,0.6758889555931091
20,513,i get so much anxiety and i dont know why i feel like i cant do anything by myself because im scared of the outcomes,anxiety,the other two post answers to your question are very good and i dont feel the need to repeat what has already been said quite well but i will offer one other option i have been able to utilize quite successfully with those dealing with panic attacks  chain analysis is a fantastic way for your to map out the situation starting with the prompting event the chain of events links that lead up to the behavior  in this case a panic attack and then what the consequences were  see the illustration belowthis is very useful in that it lays everything out for you to see so that it becomes possible to alter one of the links leading up to the unwanted behavior panic attack allows you to come up with strategies for similar situations prompting events and allows you to understand how you are reinforcing the behavior when it does occur consequences  finally  it would also allow you to identify any particular vulnerabilities such as not enough sleep poor nutrition trauma history or having a cold the time it occurred  working with someone who utilizes a behavioral approach such as dbt or behavioral analysis you can find solutions that replace one of the links and therefore breaks the chain of events,1,1,1200,T,0.9147207140922546
23,1270,im an adult facing problems with my mom shes way too controlling she decides things for me disregarding whatever i say i tried explaining my side to her calmly but she eventually gets angry and doesnt wish to listen to me regardless of how i speak to her,familyconflict,the part of your life which is in your control is the way you handle what your mom does and the way she talks to youit is possible the two of you have very different opinions on a great number of matterseach person including you has the right to decide whether and how to respond to someonestick up for your own right to make decisionsif she doesnt accept your independent viewpoints then this doesnt give away your right to have these viewssince she makes herself clear as to her unwillingness to listen to you then consider this as an easy way to avoid directly speaking with her about whats on your mindif she ever shows an interest in your opinions and you feel like discussing these with her then feel free to make this choice,1,1,731,T,0.9350215792655944
24,1167,when having sex i think of other men and want other men all day long been married  years together  what do you think,intimacy,sustaining passion in marriage is tough stuff its a relatively modern dilemma you are facing with perhaps unrealistic expectations of what marriage should be it sounds like your definitions of love and sexual passion have merged together thats both common and confusing intimacy and sexuality within your marriage are bound to ebb and flow resparking your passion will involve growing using your sexual drama and fantasies as windows into discovering your needs security and wants desires marriage is a people growing process you mature into one another and to achieve fulfillment your continued development will be required,1,1,624,T,0.5288781523704529
30,2249,i terminated my counseling relationship with a social worker several years ago i am now realizing that i would like to begin counseling again  the social workers voicemail message says that he returns calls in  hours but he hasnt called me back i called him on the weekend and made it clear that i want him to call me back  can he just ignore me,legal  regulatoryprofessional ethics,yes your former social worker should return your phone callit is the professional ethic to do so and plain human decency to do soif he doesnt there is nothing you can directly do about the fact of his ignoring youthere are formal complaints you can make which you can consider doingwhat matters most is receiving social work servicestick with looking for another social worker who is willing to help youthe selfdoubts you mention may be worth examiningthey do not however excuse the social worker mishandling himself,1,1,516,T,0.9397011995315552
32,1641,in this argument my friends are all against me so im wondering if im exaggerating my feelings i feel like im being attacked and that is making me blow things out of proportion and taking the role of the victim when in reality im the one being unreasonable and i am simply annoying my reasonable friends or are they really being insensitive and not respecting me in our friendship,socialrelationships,conflict is a tricky beast and shows up in every one of our relationships what im reading is that you find yourself in a loop of  seeking validation of your thoughts and feelings from your friends rather than validating yourself am i right if you arent validating yourself no one else will be able to either  try finding a small nugget of truth in the feedback your friends give you this will help to lower your defenses and help your friends hear what you are really sharing  and then if you are still feeling vulnerable share that too,1,1,536,T,0.5452556610107422
34,2557,weve been in a long distance relationship for two and a half years i recently saw his phone and saw the people he texts the most and one of them was a  female coworker i dont know how to approach this situation how do i ask him about it,relationships,if youd like to ask a question then go ahead and askboyfriendgirlfriend is a close relationship and it is usually understood as an exclusive relationship  youre definitely entitled to know if your wishes to not have him texting another woman are being respectedoften people are afraid to ask because they fear the truth will hurt themin the short term this is definitely truein the long term knowing you are getting what you want and at the very least stating your expectations to your boyfriend will clarify for him what is meaningful in your relationship,1,1,556,T,0.8647158741950989
35,1153,i have no idea what happened i go places and do things but still feel lonely i honestly have no friends and i am always the one texting people and bothering people i feel invisible like someone that no one wants to be around,intimacy,a lot of times any and each of us creates what we need for ourselves by seeing other people as creating these circumstances and situationsis it possible that at this time period in your life being alone is positive for sorting through your true values or sorting through key situations in your lifeif yes then possibly you are giving yourself some alone time even though to some degree being alone is not your first choiceat the very least since you arent happy with being the one who texts others then some alone time may encourage new thoughts and ideas creating more open space within you to attract other people who do enjoy texting you firstalso most relationships are not forever  is it possible you are at a phase when some relationships are simply closing down so that you have clear space within your life for new and different activity,1,1,845,T,0.6355176568031311
39,1307,"im having issues with my relative the police never believe the experiences i have been through because i am only a kid 
   ive even had trouble trying to reach a therapist because i said i wanted to get an adult to help me could you please give me advice",familyconflict,i think it would be wise for you to call a hotline especially designed for children its called the childhelp national child abuse hotline the number is achild  it is completely anonymous and a trained therapist will be able to provide you with guidance confidentiality and can also help you make a report of you wantthe call is completely free and they are open  hours a day   days a week im glad that you are taking steps to improve your situation you are a very brave and an intelligent child please remember to call  if you are in immediate danger,1,1,550,T,0.7531788349151611
40,1649,i need to get on base to see my doctor my id card was in my wallet which was stolen im unable to reach my husband at this time he is only one who can take me on base in order to get a new id so i can continue to see doctor is there anything i can do,militaryissues,you should be able to get a replacement id card either from the personnel office on your local base the actual name of this office will vary depending on which branch of the military it is you may also be required to go to the military police or security office on base to report the loss of your old id card,1,1,308,T,0.7955817580223083
42,1230,im a teenage gay girl and im in love with a girl a few years older than me she loves me too but were not physically together at the moment ive been thinking about being transgender soon too but my family doesnt accept me so i honestly dont know what to do about that because i feel like i have to constantly hide the real me it hurts so much to hide the real me what can i do,familyconflict,many people do not accept the reality of gender beyond male and femaleobviously if your family doesnt accept your questioning status then this feels painfulall you really can do is continue your selfexamination and know youre in a nonsupportive family of doing soto know the truth about your surroundings is much better than to not know and also much better than pretending you are not in your current phase of gender expression questioning,1,1,440,T,0.8895251750946045
47,1299,hello i have a cousin in my family who has been making me feel belittled insecure and frustrated during her stay here in the city i know she comes from a place of love but she has always been shortfused and highly temperamental if something doesnt work out the way she planned it i have tried my best to coordinate plans with her but she always ends up frustrated about the lack of communication i seem to have on my part and then makes condescending comments about my character that include inconsiderate negative oblivious and self consumed    i have tried to talk to her openly about this but it always comes back as an attack on my character and i have never heard these comments from anyone else before i have been thinking a lot about her comments and whether i truly am an inconsiderate person who is not thoughtful spatially aware of surroundingspeople or positive but in the end i am feeling awfully hurt about how this has affected our relationship    what can i do,familyconflict,do you have a close friend or relative whos opinion you trust ask them for their honest feedback and if they see you like your cousin does if they dont see these qualities in you then it may be your cousins issue and shes taking it out on you you can always ask her what would be the best way to communicate plans with her so you know specifically what she is expecting then if you meet these expectations and she still blames you and comments on how inconsiderate you are its her issue and she is not coming from a place of loveeven if you do resemble her comments the way it sounds like she approaches this problem is not out of love the fact that youre introspective enough to consider your own behavior suggests the problem is not with you,1,1,743,T,0.8618789315223694
48,1630,these jokes are made about everything they seem to have the need to say something funny about everything its not funny just awkward,socialrelationships,i agree it is awkward when people make jokes about subjects which may not be funny at all  and if a person only jokes then after laughing and realizing the person has nothing of themselves to offer this can also be quite tediousrealize that you are more aware of human interaction having many levels of expression  you could start avoiding people who irritate you by the way they behave,1,1,386,T,0.8632262945175171
51,2506,"ive been with my partner for  years shes given me no reason not to trust her but lately ive been overreacting a lot when shes just doing normal things i think its triggering my bad past relationships

how can i get rid of these insecurities and be more trusting with her",relationships,two paths are possibleyoure not overreacting and instead are genuinely sensing that something feels unsettled within your girlfriendyou are overreacting because you have difficulty accepting how safe and loving your relationship is with this personthe only way to find out is to start conversations with your girlfriend on how you feelthis will allow new light to open an answer as to the truthonce you know what truly is going on between the two of you your selftrust naturally will grow stronger selftrust will give you an accurate read of what and whom you are able to safely trust,1,1,584,T,0.5333850979804993
55,1634,i was mentored by this guy for a few years spiritually it was okay at times but other times it was just weird i try not to think about it too much but a lot of manipulation and lying happened yet no one else really believed me when i told them its like hes two different people and no one else really sees that side of him i was blamed for a lot of our troubles and now we dont really talk much im worried because hes in a trusted position of leadership and no one suspects anything they just think im attacking his character how do i know for sure,socialrelationships,you may intuitively be sensing what many professionals in the social sciences and psychology have already understoodjust google psychopaths and leadership and many articles come up about boardroom politics and that psychopaths are very successful in these rolestheoretically is it terrible that corporate leadership qualities match those of psychopaths  well yes  and i consider your question as a mark of your sensitive awareness toward other people  being able to recognize social dynamics is a strength that you havepsychopaths know how to be charming and to twist words so that others believe that their own interest is the same as the psychopathsi agree with you about not being able to change peoples minds who are attached to this persons interactionsthe only way you can introduce a change in the relationship system of a psychopath is that if you are aware of illegal or law breaking activity and you have evidence of this that you contact relevant authoritiesno one is allowed to break laws including psychopaths,1,1,1022,T,0.517630398273468
57,522,i have not had a friend since i was  i dont go anywhere and i have no job all because im afraid of people,anxiety,individual andor group therapy can be a powerful antidote for social anxiety often in therapy the things that tend to get in the way of our securing satisfying and lasting personal relationships will appear in some way in the therapy relationship and a competent therapist will be able to help you work through this anxiety in a sensitive way and eventually encourage you to seek out the personal relationships that you want in group therapy you have an opportunity to have a relationship not only with the therapist but several other people who are all in the group in order to give and receive mutual support to one another,1,1,625,T,0.6407491564750671
58,1287,im in my midtwenties now and my boyfriend of seven years and i want to start a life my mother is  codependent on me and is extremely manipulative she suffers from type  diabetes which she uses to guilt me if i ever leave her the problem is that i will feel guilty,familyconflict,focus more on your own life and less on the very heavy descriptors you wrote to describe your momall the words you wrote represent psychological conditions which are either lifelong or take a lot of motivation and effort to changesince the only person who can change how your mom handles her life is your mom and you are the only one who can do the same for yourself devote more energy and time to living your own life fully despite the emotions you feel regarding her,1,1,468,T,0.51473069190979
60,1405,i have had a crush on this guy for years i last talked to him a few years ago when we graduated from high school we left off on a good note should i message him and see how he is doing or is it too late,relationships,youll only find out whether or not it is too late by following through with wanting to message himregardless of whether the response you receive is what youd hoped to hear including not hearing back from him you will have done yourself a great honor and respect by following through on a wish and curiosity youve had for some time,1,1,330,T,0.839169442653656
62,221,i am pretty sure i have depression and anxiety i also have voices in my head i have problems sleeping too ive already been diagnosed with attentiondeficit disorder and obsessivecompulsive disorder i have selfharmed in the last and used to be suicidal how do i tell them this and ask for therapy,depression,what stops you now from telling your parents the way you are feelingdo you imagine asking them for therapy would be a surprise for themif theyre paying attention to you at all then i imagine theyd feel relief to know youre aware of having some feelings within yourself of a problemif you believe theyd have a negative reaction to you asking for help this may very well be part of why you are having problems in the first placewhat reaction did your parents have when you were diagnosed with the other conditionsid separate their willingness to help you from your sense of needing helpif they do not want to help with finding a therapist for you then start by looking for services available for people in your age group whose parents also do not wish to be involved in their childs emotional and psychological health,1,1,815,T,0.7883018255233765
63,1579,this is my recovery and i dont feel that it is okay for them to ask this they told me it is policy due to the fact that i may run into a peer there i am a peer counselor in the small community that i grew up in i am in recovery myself i was asked to come work for this organization after i was two years sober i was in treatment in this organization i work with mental health peers and run life skill groups i dont work with substance peers,addiction,you definitely want to make sure not to inadvertently create an inappropriate dual relationship with a client in fact it is not uncommon for state regulatory boards to determine that a clinician and client being in the same  step group is professional misconduct you might want to consider attending a  step meeting that is located in a different community than the one you work in  another option would be to look for oneonone or small group recovery support,1,1,459,T,0.6636214852333069
64,1432,"my girlfriend recently started hanging out a lot more with one of her friends who did her wrong in the past and just walked out on her so for the past  years its been just me and my girlfriend things have been great up until the last month now she ignores me and texts and hangs oit with her friend more and more
   i dont know what to do anymore my girlfriend is so distant how do i keep from losing her",relationships,well if you each want to be with the other than no one will be losthave you told her about feeling slighted  start telling her about your feelings  how she responds to you will tell you a lot about where her heart is and maybe too some of the reasons she has been so involved w the friendwho knows maybe the friend has problems of her own and your gf is spending extra time w the friend to help the friend and doesnt even know you feel hurtyou would do yourself and your gf a lot of good to tell more about your feelings  either you will get more closeness and consideration or not  at least you will have the truth,1,1,615,T,0.7735522389411926
66,835,ive been suppressing it for quite some time but there are days when i cant make eye contact with her i think she knows and we both admitted there was some type of vibe but the overall discussion was vague i think she could possibly be dating someone that works with us its driving me crazy as an act of expression i have purchased a gift for her thats personalized i havent given it to her yet,workplacerelationships,there are many possible ways dating your boss could go awry and jeopardize your occupational wellbeing so my recommendation is to hold off on presenting your boss with a personalized gift and instead focus on building attraction and romantic interest with someone who is not at the workplace  sometimes the element of power and unavailability can heighten our sexual interest but that doesnt mean its a healthy idea to pursue someone who is in a position of power over you at your workplace,1,1,490,T,0.6911494731903076
67,1349,weve been in a long distance relationship for two and a half years i recently saw his phone and saw the people he texts the most and one of them was a female coworker i dont know how to approach this situation how do i ask him about it,relationships,if youd like to ask a question then go ahead and askboyfriendgirlfriend is a close relationship and it is usually understood as an exclusive relationship  youre definitely entitled to know if your wishes to not have him texting another woman are being respectedoften people are afraid to ask because they fear the truth will hurt themin the short term this is definitely truein the long term knowing you are getting what you want and at the very least stating your expectations to your boyfriend will clarify for him what is meaningful in your relationship,1,1,556,T,0.8647158741950989
69,1291,my parents seem okay with other sexualities but normally they only talk about being gay when they do talk about bisexuality they say things like theyll do anything or things that make me very uncomfortable because i am bisexual i dont know if i am ready to come out to them,familyconflict,coming out to family members can cause a lot of anxiety however  although i cannot promise what their reaction will be the benefit is that you will no longer have to hide who you are perhaps researching or getting information on bisexuality can help your family understand what it truly is to be bisexual many times  people are just not educated on certain things,1,1,363,T,0.6159024238586426
72,388,"i recently broke up with my boyfriend after being together for over  years i truly believe i did the right thing but omehow being single now has made me very needy and unsure of myself
    i am seeing someone casually and i am losing my mind with anxiety about how he feels about me and this need for validation
   how can i learn to be content and at peace with myself regardless of my career relationship status etc",anxiety,possibly you havent completed your phase of mourning the recently passed relationship and lifestyle which surrounded itrelationship breakups mean a persons entire life goes through an adjustment since the relationship impacted all areas of your lifegive yourself some patience to restore yourself from the old relationship when you feel whole again then more than likely you will lose some of the anxiety wondering what your new casual partner feels about youand instead of wondering  you may simply decide to ask the person your question,1,1,538,T,0.8119738101959229
74,277,i think i may suffer from depression and it is affecting my life and sleep i am on my parents insurance and they wont let me see a therapist because they dont believe in it,depression,the answer here really depends upon your age and something called the age of consent in the state where you live in pennsylvania anyone over the age of  can provide consent for their own treatment as for billing purposes try talking to some local agencies if you are under  you may be able to have medicaid out of medical necessity so that you can have treatment if you are over  there may be some discounted rates at some agencies because of the situation youre in maybe your primary care physician will be able to refer you to some local agenciesif you are in school you may be able to talk with a guidance counselor or someone at the school this would not require using your insurance,1,1,687,T,0.5358298420906067
79,2702,"my son was diagnosed with autism a few years ago and i stopped working so that i could take care of him  i also was dealing with an abusive relationship mentally physically and emotionally now i live like a recluse and i always feel nervous around people

how can i feel more comfortable around other people",parentingrelationshipsanxiety,probably a good portion of living like a recluse was necessary so you had time to rest and recuperate from so much major adjustment in your lifehave you told some of the people in your life about the many changes youve been through   it is possible people sense something different about you and arent sure whether to ask or not ask questionsalso understand what type of qualities youd like to offer and receive in a friendship   given that raising a kid who has autism takes a lot of energy and time the way you socialize will changestart with one person whom youre pretty sure would welcome you and whom you would gain by bringing them into your lifeas a result of how this interaction goes how you decide to spend your time together what youll discuss you will know more about yourself and what you require to feel good around other peoplethen you can consider if youre ready to add others into your world,1,1,908,T,0.7392821907997131
81,1427,i really like this guy and i think he likes me back but his sister is my bestfriend im afraid that if i tell her i have a crush on her brother she would loose it i once told her i thought her brother was cute and she got really angry ive gotten to know her brother better lately and ive realized he may actually feel the same way i dont want to lose her friendship what do i do,relationships,do you and the brother to whom you feel attracted ever see each other or are in surroundings in which the sisteryour friend isntif yes then this gives you the chance to find out whether you and the brother actually do like each otherif no then definitely have a private and direct conversation with your friend about the fact youre attracted to the brotherfind out the reason your friend becomes angry to hear you like the brotheranything is possible from shed like to warn you about qualities in her brother which you may not know and if you did wouldnt like or react negativelyor if protection isnt your friends reason then maybe shes fearful to lose your friendship if you start a relationship with the brotherfriends are people who care about each others lives  let your friendship with this girl work on behalf of each of you,1,1,830,T,0.6960116028785706
89,645,when my son was a teenager we sent him to live with his dad because of the constant disrespectful attitude a week after he graduated his dad made him leave because of the same issues all four parents tried to talk to him and he just refuses help all around he is now living with his grandparents he had a job and took steps to get his license and an insured vehicle i thought he was heading down the right road and then he tells me he quit his job because he didnt like it i just dont know what to do,parenting,probably the best way to be supportive of your son is to tell him what bothers you about the way hes handling himselfif youd like him to work with your suggestions then before you make critical comments be sure to validate his strong points and to recognize his natural talentspeople are much more likely to take advice if the person feels the criticism is spoken by someone who respects them and isnt only critical of themoffer your availability to talk with him if you genuinely feel available to speak with him in a nonjudgmental way,1,1,536,T,0.6597006916999817
93,1104,ive been in a relationship for almost a year and i absolutely trust my boyfriend he treats me nice checks on me and tells me sweet things however when it comes to making life decisions i feel he is very immature i try to talk things out so we can compromise or make sound decisions together but he lacks any ideas and prefers to just go with anything to avoid fighting as far as dates if i dont say anything plan it or have money to chip in we will not go i feel like i put in a lot of work supporting and sometimes spoiling and all i get is a loyal man who will not cheat and say sweet things on occasion,intimacy,well then your decision is whether you want to stay in this type of relationship or notone point to keep in mind is thisjust because hes not telling you his opinions doesnt mean he doesnt have any opinionsin the long run t is always easier to talk with someone about their differences from our point of view than to be someone who doesnt tell you what is in their mindshort term it seems easy to have someone agreeablelong term someone who doesnt tell you their thoughts and who disagrees with you may potentially go about their true wishes in hidden ways,1,1,555,T,0.8159427046775818
97,2666,"i have a friend that who i used to be in a relationship with it was brief and turned into us being just good friends

i spent the weekend with him and  it upset my boyfriend was i wrong",relationshipssocial relationships,thank you for submitting this question i think this type of situation can be common for many couples struggling with how to keep friendships with past relationships while being in a new relationship for me more information is needed herebut given the information provided the way i interpret the question isim assuming your boyfriend didnt know you were going to spend the weekend with your good friend  working off of this assumption i would suggest beginning an open and honest dialogue with your boyfriend about what specifically upset him and to talk about your point of view regarding spending the weekend with him i would also suggest talking about how you both envision your relationship when it comes to spending time with others if you feel like you cant have this conversation without it going off track please consider seeing a couples therapist they can help you begin these important conversations that can help shape and develop the relationship you and your boyfriend long for,1,1,991,T,0.6165573000907898
98,1571,i just need to know if im really crazy or not,behavioralchange,do an internet research on psychosis symptoms and see if you have several of the symptoms  if you do seek a medical evaluation from your primary care physician  there are great medications and psychotherapy that can help you live your life to the fullest  there a many people who are diagnosed with psychosis and living a productive life,1,1,337,T,0.5462455153465271
102,1498,i am a heterosexual male in my late s i find myself wearing pantyhose heels skirts and other womens clothing in private i am torn on how to feel about it i enjoy it very much i have had a pantyhosestocking fascination and other kinky fetish interests since i was young i have no history of sexual abuse growing up i am currently single,lgbtq,let yourself enjoy crossdressingwhat sounds in your way are whatever beliefs you gre up hearing see and absorb currentlyconcentrate on your own satisfaction and that you are doing this in a nonharming waymaybe if you branch out your interest by finding other people who enjoy crossdressing as much as you dowith any interest or activity social interaction supports it,1,1,367,T,0.610506534576416
110,1081,my husband had an emotional affair with his exwife in november she invited him to dinner alone with their daughter i wasnt aware of this until after pm when i asked where he was he had been drinking and i told him not to come home that night the next morning we talked about going to counseling he went out that night with friends and said his exwife wasnt going i found out in april that she did go i gave him the chance to get everything out in the open i found out that he stayed that second night with her i asked if they slept in the same bed and he said yes both nights his daughter wasnt there the second night he claims they didnt have sex but what else should i think,intimacy,i agree with you that professional counseling is a wise choice for your relationshipyour husband may not know want to know or want to discuss with you what his true feelings are toward you and the exthe topic is very heated which is why discussing these matters alone may do more harm than goodusually people start deeply complex emotional matters discussion and get so upset the conversation goes off track and unintended hurts happenin a therapist office the two of you will be guided on talking about these critical areas and this will be much more productive than trying to do so only with the two of you,1,1,608,T,0.5200672745704651
116,239,i have a severe back problem ive had  major and several minor operations but im still in constant pain how can i deal with the depression from this chronic pain,depression,chronic pain at the back likely results from a few areasll kidney zone most likely lower backbone spurs fused discs and slipped discs caused by connective tissue weakness and calcium deposits used to neutralize highly acidic areasthe depression will evaporate when the chronic pain is drained out through natural meanspharmaceutical means will simply extend the pain and cause it to deepen over time not solving the problemremember medical doctors suppress natural doctors cure,1,1,477,T,0.8128842115402222
122,1096,my husband cheated while i was pregnant with our son with a socalled friend this was before we were married we split and eventually worked things out i thought i trusted him so we got married now he flirts with girls in front of me ive talked to him but nothing helps,intimacy,this sounds very painful for youare you able to tell him how his flirting affects youmaybe he doesnt care enough to change and maybe he doeslong term if he continues this then usually people feel they have two choices put up with it which of course greatly reduces the sense of satisfaction in the relationship   or of course you can decide to end the relationship  this choice is quite significant now that you have a child together  give yourself plenty of time to think over the best outcome,1,1,494,T,0.6820029616355896
124,2771,"my daughter seemed to be developing at a normal rate until about the age of  she then started to act younger than she is 

now she only wants to play with younger kids and she doesnt act her age i dont know why this is happening is this normal",parentingchildren  adolescents,this is certainly an important issue to look into it is always helpful to speak with the childs pediatrician since they are most familiar with the childs developmental history also children tend to regress behaviorally when facing events and interactions they feel to have no control over this can be as simple as a loss of a pet a recent move death in the family  andor as serious as sexual abuse and other things if you have not spoken to the school that can be a good starting point,1,1,485,T,0.6818441152572632
125,682,my toddler is having a real hard time with toilet training he almost throws up every time he sees his poop he gags and will not go on the toilet we have tried a toilet chair and ring that goes on the bigboy toilet but he refuses to use it when he sits on the toilet he just sits there forever and only will pee he holds the poop in until he get up and then will poop in his diaper i dump his diaper in the toilet and let him know that it is where it goes to try to encourage him how can i help him get over this fear and passed the stress,parenting,your son is showing signs that hes just not ready to be toilet trained you dont say how old he is so im not sure whether the problem is deeper but right his fears may reflect that right now he is simply be not ready to take that step pushing him at this point could worsen the problem so i suggest pulling back the expectations waiting a month or two looking for more signs of readiness and trying again in general teaching children to use the toilet works best when mistakes are handled calmly and when parents pay close attention to cues that the child is responding positively,1,1,579,T,0.6417322158813477
126,1213,my new daughterinlaw just informed me that she is smoking marijuana while pregnant because of her morning sickness im in shock and i dont know how to respond i just lost my mom and she was good with advice,substanceabuse,have you reached your own conclusions and reasons for these regarding the topic   when you feel confident in your own reasons for your conclusions then obviously ask your daughter in law for some time together and tell her what you think and your reasons for opinionsplan for this meeting according to the type of relationship you have with your daughter in lawsince your son will also be affected by the prenatal conditions of his child he may also be interested in being part of this conversationalso during your discussion find out the exact ways the morning sickness affects your daughter in lawit is possible that scheduling adjustments in routines can be made so your daughter has more time to rest or fewer responsibilities for a while until she feels bettermaybe you and other family members can lighten her daily routines so she has more time for herself to manage her morning sickness in a less risky waysending good luck,1,1,931,T,0.7824258804321289
127,210,im in my early s ive worked since two months after i turned  i have plans i could become an electrician or i could operate heavy machinery i have goals but i do nothing to try to meet them because i dont feel i can i just want a better life for my fiancée and the kids than i did,depression,if youre not following the goals you gave yourself there are two possibilitiesyou dont really like your goalsyou selfsabotage and prevent yourself from your own strengths and accomplishmentsthink through each of theseif youve set goals which arent true to your nature then intuitively some part of you will reject themif you selfsabotage get in your own way from achieving what you truly would like then ask questions of yourself around whether you feel undeserving of success,1,1,476,T,0.9076035618782043
128,207,i dont know if i have depression but i have been very sad there are nights that i dont sleep i dont eat all day sometimes i dont have energy to anything anymore,depression,these symptoms are all classic to the diagnosis of depressiona diagnosis itself doesnt help anyone get better  often people say the word depression as though it means something terrible   the diagnosis of depression can be depressingforget matching symptoms with a diagnosismore important to improvement is to know the reason for your sadness  when people become sad there is a reason for it and knowing this reason is the first step to changing the situation which creates the sadness in youthink of depression as a way to slow down and examine aspects of your life and relationships  if you continue at the same pace of living and didnt stop and examine your life then you may not notice what needs changing,1,1,709,T,0.6191550493240356
129,677,my daughter didnt see her biological father for the last three years she doesnt want to see him because she remember really bad things from him such as domestic violence and child abuse the visitation is with supervision but she refuses to see him is it better to take my daughter to the therapist and try to see him after the therapy,parenting,has the father or the visitation supervisor contacted you regarding why your daughter hasnt shown up for the past three years worth of supervised visitationor is the supervised visitation a new development for the bio dad and your daughterif no one is pressuring or expecting your daughter to show up no one has even asked where she is why she isnt present then i dont see any reason for you to offer more effort by your daughter than the father is willing to make for seeing herif your daughter is willing to talk with a therapist then let her find out first hand if the sessions seem useful or notthe one move id avoid is to force your daughter to go to a therapist since growing up in a household in which child abuse took place being forced may remind her of her own feelings from this past of feeling no one heard or cared about the way she wanted to be treated,1,1,866,T,0.7573411464691162
137,806,ive been in an on an off relationship with a this man for almost  years even though i care about him he continues to hurt me    he and his wife were separated when we met now hes going through a really difficult divorce from her and is taking it really hard i want to end this relationship but i dont feel like i can how can i let go,relationshipdissolution,first decide what you truly would like in the current relationship understand your reasons for staying in the relationshipthree years is a substantial amount of time to be involved with someone   whatever attachment you feel toward this man is deep and complexinstead of deciding to leave or not leave change your question to figuring out your satisfactions and dissatisfaction with the man also important is to tell the man your feelingswhatever problem you are feeling may become clarified by discussing what bothers youat the very least you will give the guy a chance to show how interested he actually is in the tension you currently feel and have felt for a while,1,1,668,T,0.7817708253860474
138,1131,weve been dating for two months now i have a heavy past that gets him angry does he have a right to penalize me for things i did before i met him,intimacy,not in my book youre only two months in at this early stage this is a bit of a warning sign if he cant accept or feel comfortable with who you are and decisions youve made theres already a level of discomfort here that shouldnt be ignored no he doesnt have the right to penalize you or punish you not just for past thingsnot for anything what he does get to do it tell you how it affects him sureif he feels uncomfortable or needs reassurancelisten to those things but if he doesnt dig who you are maybe he can walk the other way,1,1,529,T,0.6395696401596069
141,1261,my mom and dad got divorced four years ago i had to finish out the school year with my dad and now they are deciding which place is best for me i cant choose how can i choose if i love both places,familyconflict,if youve already stated to your parents that youd like your opinion to be considered and listed the key areas youd like them to keep in mind when making a final decision as to which house you will live then youve done all you possibly and reasonably can dosince you wrote that you have difficulty to decide in which parents home you prefer to live then even if you had free choice of whose house in which to live are you not better off with the decision made by them on your behalf,1,1,481,T,0.9328924417495728
149,1373,i dont know how to tell someone how i feel about them how can i get better at expressing how i feel,relationships,i wanted to share these two short books see below you could also look into working on your throat chakra which deals with speaking your truth selfexpression  being heard  communication crunch high impact communication,1,1,217,T,0.5735001564025879
152,1233,my mother takes care of niece whom my sister abandoned she calls me every day complaining but i dont want to hear it anymore,familyconflict,then one day when life between you and mom feels calm tell your mom that you arent able to listen to her complaints about your sisterthe truth exists whether or not it is acknowledged   bu acknowledging what feels real and necessary in your life you are helping your mom see what she may not like to see and what nevertheless is right in front of herthere is no good reason or good to come of hiding your own truth about not wishing to continue listening to your mom complain,1,1,475,T,0.6178703904151917
156,635,my daughter is in later elementary school she cant color in the lines her words jumble together when she writes unless there are big spaces or she skips lines,parenting,at times when a child is not displaying milestone behavior at the same rate that is average for their peers this should raise concern so you are correct in reaching out for advice speaking with your childs pediatrician as well as school staff may be the first places to start you can request that she receive an assessment and evaluation with a subsequent treatment plan to meet any needs she may have,1,1,401,T,0.939116358757019
157,978,any time things get heated the past gets brought up i raise my voice at her to try to get a point across she asks openended questions but always has to turn my own answer against me shes seven months pregnant i have drank in the past but im not dependent on alcoholi only drink at social events,angermanagement,have you tried to talk about the subjects of the past in the present at a time in which there is no heat between the two of yousince your gf would like to resolve situations from the past the best way to do so would be to talk about them  the more you try to avoid certain subjects the more likely they will come up between you at worse possible momentsif you can get ahead of the pattern of old topics coming up without your control then try scheduling a discussion about them  this by itself will show your gf you care about what she cares about and this may be one quality she would feel good about,1,1,601,T,0.5972438454627991
159,985,my issue isnt resisting angry urges its the anger itself my rage is extreme and vastly disproportionate to the direct stressor it causes violent thoughts but i never act i stay lucid enough to know the rage is violent not me i dont want to drown myself in anger and resentment,angermanagement,knowing how you feel and also being able to stabilize yourself to act upon the tremendous anger you feel are fine qualitiesanger whatever the magnitude generally reflects emotional pain that has not yet been placed into wordstry thinking over your growing up years because maybe you will discover certain repeated dynamics which upset you and that no one helped you feel secure through such timesalso if either of your parents drank too much and raged when they were drunk you may be repeating their patterns of how to respond to situations   even without drinking the response patterns of yelling and throwing things are frightening enough to leave a permanent memoryif this describes part of your childhood then it is possible you are becoming angry because it was the only emotion that either of your parents was able to express,1,1,831,T,0.6086934208869934
160,374,im dealing with imposter syndrome in graduate school i know that by all accounts i am a phenomenal graduate student and that i am wellpublished i am well liked by students and faculty alike and yet i cannot shake the feeling that im going to be found out as a fraud    how can i get over this feeling,anxiety,it sounds like you are on the right track recognizing these nagging thoughts of self doubt as imposter syndrome is a huge step in the right direction  from what you have written here it appears that you are able to challenge your own thoughts and provide yourself with evidence that counteracts the imposter syndrome   continuing to remind yourself of what you have accomplished and looking at the facts at hand can help diminish doubt  remember many successful people battled imposter syndrome on the way to the top and still manage it  it might be helpful to read some of their stories so that you dont feel alone  the cut has a great article on  famous women on impostersyndrome and selfdoubt   business insider has a great article about men and the imposter syndrome too  remember if you jumped through all of the hoops to get into school and get published you belong,1,1,871,T,0.8059687614440918
161,1567,"i was with my friends fishing by a pond i found a frog and stabbed it with my friends knife im not sure why i did it my friends saw me do it it and were shocked and got really mad at me
   now if someone brings it up i get really upset and panicked i dont know why i feel like this does this mean there is something wrong with me",behavioralchange,the good news is your awareness that being violent to animals feels out of character for you   im glad you have awareness and im glad you are not at ease with killing frogsfairly likely that you were acting out aggressively toward the frog feelings of being on the receiving side of similar type of violencebasically you did unto the frog what someone has or to you feels like has been done to youuse your surprising finding of how strong your anger and most likely inward pain   reflect on your closest relationships and how these people treat you   it is possible you feel more hurt by someone who is close to you than you ever realizedstabbing innocent frogs is wrong  it is understandable as a way to show you how much inner pain you probably haveit is also wrong that someone close to you hurt youthe direction to go is to recognize your pain and then decide how to go about changing what is possible on your side of that or those relationships,1,1,949,T,0.679773211479187
164,1420,i met this girl in high school she had switched schools at the end of the year and i have not seen her since its been a few years we had a very good and friendly relationship and we seemed to have a lot in common i never gained the courage to ask her out,relationships,one way to make good use of the situation you describe is to prepare and rehearse within yourself the way youd handle a similar situation in the futuresince a lot of time has gone by since you and this girl saw each other on a regular basis right now youve got no idea if youd feel the same way about her today as you did a few years agothe relationship does point out the priorities and values you hold for a potential partner  that you liked the friendliness you shared is good for you to recognize  this way you realize you like friendship as a relationship property  to have lots of similar interests is another quality you appreciate in a partnerthe more you know about what you do and dont like in a partner the greater your chance to notice these qualities in someone new who comes along your path,1,1,804,T,0.6531250476837158
167,1442,im in my early s my exs parents are friends with them and have told them bad things about me i left my ex due to an abusive situation and they are making me look like i was the bad one,relationships,maybe you can talk with your partner about this first look at the different elements of a possible conversation in the future if you are at a place where you are willing or able to disclose the reason that you left your ex that could be one element of the discussion but it doesnt have to bei dont know how long we have been together with your current partner but perhaps his or her parents would see you for who you are and make their own opinions over time that may be a discussion to have with them as wellhopefully your partner will be a good sounding board before these conversations,1,1,588,T,0.6232256293296814
174,1963,"my therapist is gay so there are no sexual issues here however my therapist for six years has made me believe that he cares about me and that we are friends i have loaned money to him many times and he always paid me back

i had a medical emergency last weekend and i was heavily medicated i knew that this therapist came into my home and wrote down my credit card information so he could pay back what he owed me but this therapist dropped me off and never came again  i dont know what to do",professional ethics,im sorry to hear that this has happened counselors are legally and ethically required to make sure that they always put the wellbeing of their clients above their own interests in addition counselor ethical rules and the laws in just about every state make it illegal for counselors to take advantage of a client financially a counselor borrowing money from a client even if the counselor pays it back would usually be considered to be taking advantage of the clientthere are a few options you have at this point if you cant or dont want to continue to try to contact him directly you can file a complaint with your states regulatory board and let them know what has happened  an investigator will then look into the situation for you  another option would be for you to find a different counsleor who can provide you with an independent and netural point of view to help you figure out how you want to handle this situation,1,1,924,T,0.5207940340042114
181,2470,sometime when small thing happen like losing a comb i get furious  i even start throwing things do i have a problem,anger management,anyone who asks whether or not they have a problem usually feels at least partly that they do have a problemyour answer to the question is what matterssince you already understand that your reaction is overstated to the events which trigger them the reactions youre having are more than likely anger that is leftover from past events either in the near or distant pastbe aware consider reflect on  how you usually handle feeling angry  based on your description here it is quite likely that the anger you show toward what you call little things reflect anger at much bigger matters that are uncomfortable and not easy to understandknowing more about the more significant matters causing frustration for you may very likely decrease reacting angrily toward smaller matters,1,1,771,T,0.811106264591217
185,1147,my partner and i have had an amazing relationship and connection for over two years were very committed to each other and are planning a very long life together however he recently was very open and honest that he isnt interested in having sex with me anymore he says this has happened in every past relationships and has ended it as a result he knows its because its the same person feeling but how can he get over this,intimacy,i wonder how long anymore will be for your boyfriendsince you both are planning a long life together instead of his custom of ending relationships when he feels bored with the sex he will be facing the situation of being in a relationship and not having sex with his partner to whom he is committedwhat are your own views on the meaning of sex in a relationshipknowing this will help you be better able to collaborate with your boyfriend on finding ways of balancing what you each would like,1,1,491,T,0.5456501245498657
190,488,i feel too scared to meet people i dont know  even relatives i dont ever raise my hand or talk in school i feel like no one understands how can i handle this,anxiety,social anxiety is scary you dont feel safe in relationships and prefer to isolate yourself from the outside world is it something you can talk to your parents about a school counselor could help you the counselor could possibly order an evaluation to determine how to helpbuild your self confidence  start slow with your family and identify a subject you are familiar with and add to a general conversation its important to start finding things in common with others you dont need to carry the conversations just add a phrase or two have an exit strategy if you get too uncomfortable keep notes of what worked and what didnt work so youll be prepared for your next opportunity carpe diem,1,1,687,T,0.595058262348175
194,1275,my boyfriend and i have been arguing every night about the same thing he also tells me that if i go visit my mother out of state he will be gone when i get back he and my mother do not get along what should i do,familyconflict,a relationship gets weaker not stronger by threatening control of the other personstart by telling your boyfriend to keep his remarks about you and the interests he is in which you two disagree limited to these areasyour relationship with your mother is between you and herregardless of how much he doesnt like her to not respect your mother daughter relationship is unreasonable and disrespectful toward youthreatening to take action against you by withdrawing himself from your relationship is almost guaranteed to harm the good feelings between the two of youdoes you boyfriend dislike your mother for any reason having to do with her being a danger to youask his reason since if he does this from concern for your emotional or physical safety then this is good sentiment which is handled incorrectly by a threat to youwhat you should do is ask your boyfriend to not threaten you and to calmly talk about the topics you bring up here,1,1,936,T,0.6973060965538025
195,1066,nothing weve tried has worked so far,intimacy,probably what you should do is decide whether you can continue having a romantic and sexual relationship with someone to whom you dont feel like having sexfive years is long enough to know that the way you feel toward your partner is more than likely going to remain this waytalk with your gf about your feelings because she may not wish to be in a relationship in which her partner is not sexually attracted to her,1,1,415,T,0.8280599117279053
196,642,my daughter seemed to be developing at a normal rate until about the age of  she then started to act younger than she is    now she only wants to play with younger kids and she doesnt act her age i dont know why this is happening is this normal,parenting,this is certainly an important issue to look into it is always helpful to speak with the childs pediatrician since they are most familiar with the childs developmental history also children tend to regress behaviorally when facing events and interactions they feel to have no control over this can be as simple as a loss of a pet a recent move death in the family  andor as serious as sexual abuse and other things if you have not spoken to the school that can be a good starting point,1,1,485,T,0.6818441152572632
199,654,shes in her early s and she has a toddler,parenting,well first lets identify what factors are involved in the situation about which you wroteare you the only decision maker regarding your stepdaughter living with youis her dad and your partner living under the same roofwould you feel any obligation to consult with your husband about his opinion and his way of handling the situationhave you talked with your stepdaughter about your observation and your reaction to the fact of her not honoring your boundariesconsider too that there will be an effect on the toddler your grandchild if you kick out your daughteris your daughter financially ready to live on her own and support herself and her childyou certainly have the right to define the terms of what goes on under your roofit is only fair to everyone that as many variables as possible be consideredthe conclusion may be that it is in everyones best interest for your stepdaughter to move outif everyone feels respected and a well thought out plan is developed then the least amount of hurt and stress and the most amount of happiness will be possible from this change,1,1,1073,T,0.8910876512527466
200,2574,"i have high functioning autism and i have been on a lot of dating sites like meet me match and zoosk i havent had any luck on any of the dating sites i have been on

 i really want a boyfriend but i dont know what i should do i just want to be in a relationship how can i meet someone",relationships,are there dating sites for people who have autism on the high functioning endif not then find out the names of different organizations which support people who have autism  at least one of these groups will have some guidance as to social activities for dating or even specific sites for dating when autism is a criteriaall the rejection on dating sites is rough for anyone to handlehow do you know that youre being passed over by guys who are on dating sites because you have autism    any reason is possibleunless youve heard from a few particular guys that their reason for looking beyond you is because of your autism it is possible youre in the same boat as everyone else who feels similarly frustrated by dating site rejection,1,1,732,T,0.6902144551277161
205,2504,over a year ago i had a female friend she turned out to be kind of crazy so i decided to stop talking to her  when she would call me i wouldnt answer the phone this made my girlfriend really suspicious she would ask me why i wouldnt ever answer that phone number i told my girlfriend that i dont want to be friends with that other woman but i dont think she believes me how can i get my girlfriend to understand,relationshipssocial relationships,open and honest communication can go a long way in situations like yours your girlfriend may be suspicious if you dont give her enough information answer her questions fully ask for her suggestions as to how to handle this female friend ask for your girlfriend for help in getting the female friend to understand that you are not interested in continuing the friendship if you are honest with your friend your girlfriend will probably feel like you are being honest with her,1,1,474,T,0.6813594102859497
207,659,i am in my s with  kids and no job and im behind on the bills ive been trying everything with no results i feel like everyone else puts their needs in front on mine i give intil it hurts and im afraid that im going to fail my babies    ive been struggling for  yrs in a relationship with no communication and no alone time how can i get some support,parenting,financial stability is probably a good place to start your new life projectif your partner doesnt work or doesnt contribute his money to the household bills then maybe you are eligible  for some type of stipend from the governmentespecially since you have kids the child welfare service may intervene to help you  sometimes too a partner who is unwilling to pay for their kids wellbeing may be pressured by child welfare to make regular contributions to you and your kidsim glad you are thinking of your needs and those of your kids  this is the philosophy which will show you what road to follow so all three of you are in a secure financial place,1,1,648,T,0.8943117260932922
211,1022,i love my girlfriend so much i get an erection even just thinking about her or seeing her but the two times we tried to have sex i couldnt get an erection weve only had sex once and it was a long time ago    why this is happening and what can i do about it,intimacy,sexual desire seems to be straightforward  i like someone and i become aroused at the thoughts of being intimate with them  but that idea does not always take into account other factors stress can have a huge effect on our body and how it performs  when we are overstressed for example we often find ourselves ill at the same time  can you think of any part of your world that may be causing you some additional stress additionally focusing on your erection may also be increasing the level of stress you feel about being intimate which could also effect your ability to get and maintain an erection  while this may seem counter intuitive it makes sense in the word of stressfinally its never a bad idea to follow up with your doctor as well you did not mention your age or sexual history outside of this relationship but it is always a good idea to check in with medical staff to make sure there is nothing physically responsible for changes in our body as well,1,1,962,T,0.575972318649292
214,646,she cried because she lost all trust in me now i feel disgusting and like my heart just got stabbed what do i do,parenting,you felt bad when you lied so you told the truth  i imagine your mom was really shocked and upset  both of those things tell me you are a pretty honest person  its possible that your mom had a big reaction simply because she has learned that her child from whom she always assumed honesty was capable of being dishonest  thats not awesome but its not the end of the world  you made a mistake  youll make more of those in your life just try not to make the same ones over and over againit sounds like you and your mom are close so i can see why it would feel so awful to have her distrust you  since you are a fundamentally honest person the way back to being trusted is going to be simple but may take a little time  the recipe is easy  say what you are doinggoing to do do only that unless change is necessary in which case you inform others involved and repeat  and cut yourself some slack  your mom will recover and so will you  its an important and painful lesson about integrity but once learned it will serve you well,1,1,1023,T,0.6099629402160645
215,1112,im trying to make marriage work after a split before our split he lied a lot and broke every promise to me i dont think he cheated last month i asked what women work with him so he told me yesterday i found out about a girl that he said he forgot about should i be upset,intimacy,imagine your best friend just told you that her husband lied to her all the time and that he had broken every promise he ever made to her what would you tell her if i were her best friend id tell her to run the other way you may love this man we dont choose who we love but the evidence is pretty clear isnt it a healthy relationship cannot be built on a foundation of lies and broken promises i believe that as adults we are always treated as well as we insist on being treated by our partners if you continue to accept unacceptable behavior you are likely to see lots more of it,1,1,580,T,0.8847258687019348
218,1083,shes busy because her mom makes her clean all the time and go out places with her family we dont talk much because of it also we have little fights we want to work it out but we dont know how,intimacy,maybe your girlfriend feels torn in her emotions between loyalty toward her family and toward investing herself in a relationshipthere are so many maybes that the best way to strengthen your relationship is to ask your girlfriend if she feels any pressure from her family to avoid involving herself with youif the answer is no then continue to talk with each other as to what would make you each feel more secure with one anotheralso more simply are the  two of you able to resolve the little fightsdifferences of opinion are normal between two people even to the point of each person feeling they are the only one who knows the correct answeras long as each one of you has the goodwill to give a little then the fights are a healthy way to respect and care about each otherif the fights are about the same topic which repeats itself then there are strong differences between the two of you including the possibility that her family places and she is willing to accept some obstacle to this relationship,1,1,1003,T,0.7570030689239502
219,1163,im a  year old male and having erection problems still have the desire for a woman awfully frustrated any suggestions my doc doesnt want to discuss it,intimacy,when a doc blows you off it may be a signal that it is time to find a new one ed can often be caused by health issues if all physical possibilities are ruled out then its time to look within and enlist the help of a sex therapist heres a good article for you to start with,1,1,272,T,0.9065157771110536
222,708,im a teenage girl and i feel very bad about my weight i dont know how to make it stop,selfesteem,one way may be to take some sort of physical movement class in which you will be regarded by the teacher as one of the students not the girl who weighs a certain amountin a movement class such as pilates yoga aerobics weights dance when the standard for clothing is somewhat fitted and shows more of our physical bodies than regular clothing and to be considered as one of the students not stigmatized for how much or how little you weigh may help you be as accepting of yourself as the teacher is of you,1,1,504,T,0.7760463356971741
228,1304,"i am having a problem with extended family members who are inappropriately urinating in my home they are peeing in cat litter boxes bottles and directly on floors and in corners of my house
 is there any literature that supports why such adults would behave this way this is not a joke i am trying to understand",familyconflict,hi this sounds like a very challenging and upsetting problem  good for you for reaching out my first thought is these two adults may have a sleep disorder that could be contributing to the urination in inappropriate places since they are adults and you cant force them to seek treatment  you might be able to suggest that there could be an underlying medical issue and advise they speak with a medical provider  as far as what to do for yourself  set some firm boundaries be clear about the expectations of your home also include the positive and negative consequences should they decide to address or avoid this issue i hope this helps you your family members and the pets,1,1,673,T,0.6363887786865234
229,248,i have been dealing with depression and anxiety for a number of years i have been on medication but lately my depression has felt worse can counseling help,depression,my initial response  consider a more comprehensive mh assessment to determine other factors a medical evaluation is warranted to rule out poor health issues blood work is helpful review what hadnt helped,1,1,203,T,0.9704568982124328
230,1294,she is living with her boyfriend of seven years he is in therapy for depression and social anxiety he hasnt worked in all this time,familyconflict,congrats on your upcoming grandchilddoes your daughter want you to break news of her pregnancy to the familytalk with your daughter first whether or not she would like you to tell other family membersalso given the other facts you mention in your post if household and financial management are areas you feel your daughter is vulnerable then bring up these topics toostay open minded about your daughter having views which are different from yours,1,1,447,T,0.7839077711105347
237,1126,im in a relationship with my childs father im a really jealous person we dont go out or do anything with other people because of me to keep our relationship going i know i have to stop being jealous but i cant how can i get over these issues,intimacy,it may be important to look at this as getting through something rather than getting over it if youre aware of the reasons why you are jealous i dont know if they relate to this relationship or a previous one but you could remind yourself of the differences if your feelings of jealousy relate to something from your pastalso it may be beneficial to have a conversation with your childs father if you are both open to having a discussion about this in a way that you summarize what each other is saying so you are sure that you are understanding each other at least to some degreealso consider what you may want from your childs father to assist you with this you cannot make him do anything to support you with this but you can certainly askwhat is something you could start or stop doing to move you toward your goal,1,1,818,T,0.8692595958709717
239,1952,"she was raised by her abusive father and his wife  years ago i shot and killed my rapist and was convicted in louisiana i lost custody of my daughter and served  years when i was released she was  and didnt remember me many many sad memories came from my having to leave her visit after visit having to leave her in texas to travel back to louisiana she doesnt remember that i do
over the years i thought we had developed a close mother daughter relationship she gave me good reason to doubt that on several occasions but especially last year i have been cruel to her verbally and to my son who i met years after giving him up for adoption last night i was angry at the world and afraid of god i drank and cussed out a maintenance worker for not doing his job  months running now im not only feeling guilty for that but afraid of being evicted now help",parentingsubstance abusespirituality,was either parent abusive or violent toward youyou sound to have suffered emotionally in your relationships since early in lifeone point to consider is to strive for moderation in what you offer in relationshipsa lot of what youve lived through is extreme either as victim or perpetratorif you imagine that apologizing to the custodian for the way spoke to him would calm him down do soat the very least youll be actively resolving your guilt over cussing at him and fear of his retaliation,1,1,490,T,0.7609021067619324
242,601,is this something i should be worried about should i do something about it,parenting,i recommend asking your son about the reasons he chooses to play alone at recess if he is happy on his own and you know he has some friends i would not be very concerned however there may be bullying going on at school in the case of bullying it may be a situation where you as his parent will need to step in,1,1,309,T,0.7092913389205933
246,1100,hes lied about his pastpresent situations since time has passed he has changed but i still have my doubts i have no idea if i should stay or go but i hate this feeling i dont trust him all too much but yet he hasnt done anything for me not to trust him recently,intimacy,your doubts about your dating partner need to be addressed and solved so you can fully believe him againotherwise how would you actually know whether hes lying to you now or notstart the conversation with him about wanting to trust him and asking for whatever details you feel will give you confidence he is telling you the truthif he really wants to clear your doubts then he will be willing to invest in answering your extra questions or wanting to look through his phone or whatever areas you felt were violated by him in the past,1,1,533,T,0.7985655069351196
254,1588,i had a dispute with my therapist regarding an appointment cancellation now she is blocking me from seeing other psychologists at the same clinic which takes my insurance which is also where i get my psychiatric services there is a strict  hour cancellation policy and my appointments are at  on tuesday i called to cancel at  the previous friday i was late so we contacted my doctor to tell her that i would be out of town she said i could do a phone in session the thing is we do double sessions,legalregulatory,my recommendation would be to try to talk to your therapist about this  from your description it sounds like you have a legitimate explanation for missing your scheduled session maybe if you could explain that to her she would be willing to work with you if she is not willing to consider your explanation and if she is not willing to continue working with you she still has an ethical obligation to provide you with referral resources to another therapist,1,1,456,T,0.8071098327636719
256,2132,"i need answers to my anger possessiveness and urges
i am angry all the time i push people away so much that i actually blow up on people now because they ask me how my day is or was i have a possessiveness to someone who is not even mine i have these urges to hurt someone really bad i want to see them beg for me to stop hurting i want to hear their agonizing painedfilled voices what is wrong with me",anger managementsocial relationshipsrelationships,what result are you hoping to get from the behaviors you describemaybe start by comparing the results you see yourself receiving from your current interactions with how you would wish to feel from relating to otherssince you ask what is wrong with me there is a disconnect between what you are doing and what youd like in returnthis is true even with imagining doing harm to otherswhat are you really trying to accomplish for yourself by hurting othersbesides the unethicalness and criminality of this and legal consequences of arrest for such behaviors what gain which is not evil do you expect from overpowering and imagining you control another human being,1,1,659,T,0.8153631091117859
258,2535,"she refuses to talk to me and told my mom her grand mother that she is remembering things from the past i dont know what to do my daughter blames me and swears she hates me

my parents say i should just let my daughter live with her dad but i dont see how i could fix things if i only see her every other weekend what should i do",family conflictparenting,sorry to hear about your high degree of stresshow old is your daughterwho abused yours daughterthe answers make a difference to your decisionobviously if the father was the abuser then unless your ex demonstrates to you and you believe he will not abuse her your daughter should stay with youif someone other than the father was the abuser and the father has a good relationship with your daughter then it is possible that the time away from your household will give each of you time away from arguing with one anotherwhat does your daughter tell you she wantsher wishes must be considered toorelationships can be fixed   sometimes being apart helps this process because the two people each have time to reflect more deeply on what they value about the other,1,1,758,T,0.5456758737564087
263,840,does this go against any ethical codes are there legal ramifications,workplacerelationships,generally the ethical codes only prohibit relationships with clients there are however a few types of counselortocounselor relationships that are prohibited by the ethics codes such prohibited relationships include those between supervisors and supervisees between professors and students or any time the relationship might negatively impact your or their clients lastly some workplaces have rules against dating coworkers it would be a good idea to check if there is such a rule that applies to you,1,1,499,T,0.6494093537330627
272,977,were in an eight year relationship my boyfriend drinks a lot he experienced childhood trauma i dont know how to deal with violent outbursts,angermanagement,you shouldnt need to educate yourself on violent outbursts  he is the one in the position to change his violent outbursts   they are his behavior not yours  all youre trying to do is have a relationship with this guythe one task to do is during a quiet time to tell your boyfriend the way you feel about his outburstshis answer whether he denies having a problem blames you for his problem tells you the problem isnt so bad why are you complaining tells you a lot about his willingness to changewhether or not he considers himself to have a problem and wants to change himself is very good for you to knowthis tells you what to expect from him in future   you can reflect and plan ahead for your own life depending on your tolerance and willingness to live with what he answers you,1,1,781,T,0.6188244223594666
273,462,ive been having horrible anxiety for the last week i cant sleep i get a sense of doom and its hard to breathe i feel like nothing i do makes it better,anxiety,anxiety is usually a sign of a current problem to which familiar emotional patterns of feeling similarly upset attach themselvestry to understand more about who you are what you like feel uneasy about especially your deeper emotions of being emotionally harmed or injured by meaningful peopleanxiety is best addressed indirectly by understanding and kindly accepting previous hurt and fears from long agoonce you feel at ease with dynamics of past situations then the current anxiety will decrease  this is because you will have adjusted and found new ways of handling otherwise frightening and overwhelming interactions and involvements with others,1,1,649,T,0.5973517894744873
276,2678,"a few years ago i was making love to my wife when for no known reason i lost my erection 

now im in my early s and my problem has become more and more frequent  this is causing major problems for my ego and its diminishing my self esteem this has resulted in ongoing depression and tearing apart my marriage 

i am devastated and cannot find a cause for these issues i am very attracted to my wife and want to express it in the bedroom like i used to 

what could be causing this and what can i do about it",intimacyhuman sexualitydepressionrelationships,first step always is to do a medical rule out so that youre sure the problem is psychological and emotion based not a medical condition which requires care and attentionif you are medically clear in the reasons for losing your erection then reflect on what may be creating a loss in confidence in either who you are and what youre doing with your life or whether your wife has these sort of problems within herselfoften a problem transfers ownership of who shows itif you are a sensitive person its possible your erection problem reflects your wifes insecurities and selfdoubt  if she is someone who is reluctant to talk about feeling unsure then in a certain way by you showing a problem she can avoid looking at herselfthere may not be a direct cause such as usually exists in a medical problemmedicine looks for symptoms to treatour emotional lives are much more indirectif you feel stress at work or are unhappy in the place you live for example then your frustration may show up in your sex lifebasically do a broad inward search of your life and what it holds and maybe ask your wife to do the sameyou may clear the air within yourselves and between each other so the problem goes away,1,1,1191,T,0.5399712324142456
280,2677,"im concerned about my  year old daughter 

about a month or two ago she started walking on her toes as well as coloring and writing very messy this all happened very suddenly she has never walked on her tiptoes and has always colored and written very neatly 

is this something i should be concerned abou any advice will help",parentingchildren  adolescents,have you asked your daughter why shes doing the behaviors you describeoften the best way to find out why someone does something is to simply ask them their reasonher answer will give you some guidance as to next possible stepsif shes pretending to be a fantasy figure or trying to find out how being taller feels or walking on high heels or some other image then knowing this rules out that she has some unbearable pain in her arch which may require more practical answers such as new shoes or even indicate a medical problemask if shes noticed any change in the way she walks   maybe she doesnt know shes doing this and maybe she feels embarrassed to tell you shes doing something a bit oddsince usually  year olds dont color is it new that she started coloringmaybe given the fact of messy handwriting shes in a phase of pretending or reflecting on good times as a young childthen this becomes the topic of examinationdoes she feel insecure about being on the cusp of adolescencesome of these questions can be asked directly and some are for you to first decide based on what you know of your daughter which questions and what direction to take in understanding your daughters motivation,1,1,1189,T,0.8541584014892578
287,447,i have a bad habit of thinking and worrying about what others may think of me i really want to stop it and enjoy things,anxiety,thinking about what others think of us is a natural tendency human beings are social creatures and rely on feedback from the outside world of people places and things to let us know more about ourselves we also have an inner voice dialogue conscience etc that helps us to determine the path for us often when someone is worried about the external feedback and focuses on this as the sole source of information it can create a dependency that can become problematic balance is key to so many things in life your own voice is powerful and has strength to provide you the enjoyment you seek dont discount it and rely only on the voices of others,1,1,642,T,0.7130043506622314
289,1587,they discontinued treatment for no apparent reason after they thought to diagnose me with schizophrenia,legalregulatory,the general rule against medical abandonment says thst whenever healthcare providers discontinue treatment with you when you still need it they are legally required to make sure that you have access to another provider of equal or higher abilityin this case if your treatment team decided to discontinue your treatment based on a diagnosis of schizophrenia they still will likely be required to provide you with a referral to someone who can provide you with treatment if you havent already done so id recommend that you explicitly ask for a referral,1,1,550,T,0.9222273230552672
296,810,my husband and i got into a huge dispute he said he wanted a divorce and i left i still come home a lot and see my kids and he has not filed yet even though he still said he is what does that mean for our marriage,relationshipdissolution,in any relationship including marriage each partner will be better able to do their part by understanding their own interests and wishesconcentrate more on what youd like from your marriage  this will naturally raise the questions and criteria of what to talk with your husband about and what to ask of himthink over whether you wish to divorce or notsince he hasnt taken any action then for the moment you can assume he is not sure of what he wantsonce you feel a little more clear on your opinion about your marriage including feeling uncertain if youd like it to end or continue then you will be able to tell your husband the suggestions you have for resolving the dispute matter and emotionstry to redirect your speculations about what does he want i wonder what hes thinking back to answering these very reasonable questions about yourselfthis will strengthen your own purpose in clarifying where to start and guide a discussion with himgood luck,1,1,951,T,0.5510591268539429
297,916,my girlfriend was abused as a child now if i hug or touch her in any kind of way she says she feels as if she is being abused as a child what might be going on,trauma,was your gf always this way with you or did her withdrawal develop suddenlyalso are there any other changes going on between the two of you in terms of feeling relaxed and at ease with each other enjoying each otherits possible her physical withdrawal due to her sensitive nature about who touches her and the meaning of touch reflects an underlying emotional hesitation about her feelings toward youthis can be either strong positive or negative feelingsshe may be fearful of becoming more intimately attached to you and withdrawsshe may be actually withdrawing and expresses herself through the amount of touch she wants from othersbest way forward as almost always in a relationship is to have a gentle conversation to open up the tension between the two of you,1,1,764,T,0.5115987062454224
298,1547,i cant understand what i pay attention to,behavioralchange,one way to concentrate is that if your mind starts to wonder then remind yourself to bring your attention backstart with short time spans of expecting yourself to concentrate  youll more likely succeed with concentrating with small time spans than longer onesonce you start seeing your success this will motivate you to try increasing the length to expect yourself to concentratethe task of selfreminding is the same whether for long or short time periodsalso before starting this exercise ask your medical doctor if the problem can be related to a physical health problemif there is then have the possibility ruled out that your difficulty concentrating comes from the mental ability to concentrate and not some medical reason preventing thisbefore someone can engage their psychological will there must be a clean medical body and mind with which to work,1,1,856,T,0.9276280999183656
