,question_text,topics,answer_text,q_token_count,a_token_count,a_text_length,tf_type_zero_shot,tf_score
1263,i have known i was always different this year in december i found out that i never felt female i did research and have identified myself as male but dont know how to tell my dad,familyconflict,in part the answer depends on your ageif you are legally a minor then consulting with a doctor for guidance on transitioning will require your father or whoever else pays for your health insurancethe way to tell him if it is a necessity and even if you are older and would like him to know your truth is as followsknow the reason for your hesitancy to speak with himthis  way you can anticipate and to some degree rehearse your answerstell him the truth about your own difficulty to speak about the topic  people usually soften if they feel you appeal to their compassion and sensitivityalso accept that you may hear a bad reaction from him and be prepared for this possibility,1,1,677,T,0.5873969793319702
2701,"i am in a high stress position for a tech company i am being overworked and underpaid for my contributions and it is not only giving me anxiety but also demoralizing

what can i do to manage my stress",stressworkplace relationships,recognize your reason for continuing to work for this placesometimes overworked and underpaid is tolerable bc of the valuable learning which the person will take with them when theyve decided the time has come for these lessons to endor are you in this place bc it is an easy commute to your home or fits well with other parts of your life such as education or some health related programas long as you have a good reason to be there you will feel there is good purposeif there is no good purpose and every day you wake up to work for a place you cant stand then its time to look for a new position,1,1,598,T,0.7467403411865234
1966,"how do i ever trust another woman i have found myself constantly reading between the lines with every other woman that i meet i am having a difficult time making any sort of connection to anyone because of her deception and willingness to say and do literally anything in order to control my emotions
once the relationship was over she became extremely abusive and has attempted to intimidate me into silence regarding the many false claims made on her immigration application",marriagefamily conflictprofessional ethicslegal  regulatory,im sorry to hear about being taken advantage of by your former wifeon the positive side think of how much you learned by going through this very painful timemaybe you are naturally very generous and caring to the point of expecting very little from the other person for exampleconsider yourself in a favorable position to not feel like going out right now and meeting a new person   your spirit is guiding you to stay put and recuperate from this ordeal review for any signs you may have been more trusting than merited by the persons behaviortheres a natural flow to what were able to handle and when we have renewed capacity for new adventurestheres no reason to assume that youll never trust another woman again  the first step is rebuilding trust in yourself to step into a new relationship   there is no designated time line  youll simply feel more ready than you feel nowvery unlikely that youd ever place yourself in a similar situation to the one youre currently recovering fromgood luck,1,1,995,T,0.613214373588562
288,i started having anxiety three months ago im new to having anxiety and its making me depressed,depression,i agree with cory acceptance and commitment therapy act does seem to help a lot of people who struggle with anxiety its not the only type of therapy that can help but it seems to help people in a way that is more natural and realistic as cory mentioned anxiety is something that is part of life so therapies that indicate we can get rid of it are questionable our natural inclination when we have anxiety is to stop any and all things that may cause it or provoke it we do this because we think it will help but it actually doesnt anxiety usually has us rehashing the past or rehearsing the future while ignoring the present act helps folks who have those kinds of tendencies be wellrobin j landwehr dbh lpc ncc,1,1,711,T,0.7145044803619385
1108,he said that if i were to visit my mother he will be gone when i get back my boyfriend and i hit a rough patch in our relationship a few months back and my mom had a few choice words with him,intimacy,your boyfriend and you have a separate relationship than your relationship with your mother   by trying to control whether or not you visit your mom unless you are in agreement with this is building tension between you and himask why he resents your interest to see your motherif he is insecure to the point where he fears your mother will influence your opinion about him then trying to prevent you from visiting your mom is itself creating negativity in you toward himif something still bothers him about the problems you both had several months ago then talking about these problems will do more to clear the air between the two of you than him trying to interfere in your relationship with your mother,1,1,705,T,0.6107281446456909
644,i am a counselor at day camp where we have a child with severe autism we try to keep him entertained by carrying cards around for when he starts acting up so we can get him to focus on something else the day camp administrator has told us not to yell at him because he will zone out and not listen so we just talk in a calm voice however other kids see the treatment as unfair,parenting,behavioral interaction with someone who has severe autism requires highly specialized training both for any professional staff involved with the person and for the family membersit is an unfair situation for both the person who has autism as well as the campers who do not to expect both sides to get along harmoniouslyin order to achieve this the campers would need specialized training to know how to respond to distress in the camper who has autismthis would obviously stretch and burden the summer camp budget as well as provide an activity which usually isnt part of summer camp for childrenwhat you can do which may be productive in helping the camper who has autism is to point out the interaction difficulty to the summer administratorsultimately it is their problem to only take campers who are able to reasonably adjust to socializing together and from what you write the administration has overreached whom they consider reasonable camper mates,1,1,955,T,0.5418084263801575
2782,"we rent from from my boyfriends parents his father drops by unannounced and stays for long periods of time he lets himself into our home when we arent there on a daily basis and takes our dogs to his house he picks up our mail he has no boundaries 

hes an opinionated rude pushy person he expects to spend every weekend around us gives unsolicited advice on child rearing and does not respect our privacy at all he barges in with no warning he has a key and lets himself into our house without asking permission i need help how do i address this",family conflictrelationships,youre expecting reasonable behaviors from your boyfriends fathersince the father is his your boyfriend is the person in position to speak directly with his dad about the expectations you and he have of the fatherif your boyfriend has a good relationship w his dad which is not what this sounds like then greatif your boyfriend has a stressed and tense relationship w his dad then somehow he needs to develop or be coached and encouraged by the people in his life who truly care about and know him a way to state the very reasonable standards you describe hereif all else fails then a new living space is always another possibility,1,1,630,T,0.5693538784980774
787,i got married in  i have a two year old son his mom and i decided to separate due to my infidelities weve tried to reconcile our differences but it never works out since weve been separated ive dated someone and we are expecting a baby girl is this something i should mention to my wife the current woman whom im dating has been telling me for months to break up with her but its hard because i actually love her,relationshipdissolution,my answer is yes you should tell her because you have a child with her she is the mother of your son and this new baby would be his half sister i think telling her is mature and appropriate usually procrastinating just makes it worseanother thing to consider would you want her to tell you if she was pregnant with her boyfriends baby hope this helps take care,1,1,360,T,0.5962749123573303
513,i get so much anxiety and i dont know why i feel like i cant do anything by myself because im scared of the outcomes,anxiety,the other two post answers to your question are very good and i dont feel the need to repeat what has already been said quite well but i will offer one other option i have been able to utilize quite successfully with those dealing with panic attacks  chain analysis is a fantastic way for your to map out the situation starting with the prompting event the chain of events links that lead up to the behavior  in this case a panic attack and then what the consequences were  see the illustration belowthis is very useful in that it lays everything out for you to see so that it becomes possible to alter one of the links leading up to the unwanted behavior panic attack allows you to come up with strategies for similar situations prompting events and allows you to understand how you are reinforcing the behavior when it does occur consequences  finally  it would also allow you to identify any particular vulnerabilities such as not enough sleep poor nutrition trauma history or having a cold the time it occurred  working with someone who utilizes a behavioral approach such as dbt or behavioral analysis you can find solutions that replace one of the links and therefore breaks the chain of events,1,1,1200,T,0.5115715265274048
1270,im an adult facing problems with my mom shes way too controlling she decides things for me disregarding whatever i say i tried explaining my side to her calmly but she eventually gets angry and doesnt wish to listen to me regardless of how i speak to her,familyconflict,the part of your life which is in your control is the way you handle what your mom does and the way she talks to youit is possible the two of you have very different opinions on a great number of matterseach person including you has the right to decide whether and how to respond to someonestick up for your own right to make decisionsif she doesnt accept your independent viewpoints then this doesnt give away your right to have these viewssince she makes herself clear as to her unwillingness to listen to you then consider this as an easy way to avoid directly speaking with her about whats on your mindif she ever shows an interest in your opinions and you feel like discussing these with her then feel free to make this choice,1,1,731,T,0.6973471641540527
1167,when having sex i think of other men and want other men all day long been married  years together  what do you think,intimacy,sustaining passion in marriage is tough stuff its a relatively modern dilemma you are facing with perhaps unrealistic expectations of what marriage should be it sounds like your definitions of love and sexual passion have merged together thats both common and confusing intimacy and sexuality within your marriage are bound to ebb and flow resparking your passion will involve growing using your sexual drama and fantasies as windows into discovering your needs security and wants desires marriage is a people growing process you mature into one another and to achieve fulfillment your continued development will be required,1,1,624,T,0.737824022769928
190,i suffer from adult adhd anxiety disorder and depression it has been difficult to find a doctor in my area and my primary physician wont help i am unemployed and overwhelmed what would you suggest i do,depression,telehealth has become very popular during the pandemic one of the benefits of telehealth is that you can see a therapist who may not be in your area at all although depending on where you reside they likely just need to be licensed in the state where you reside telehealth offers access to a much larger pool of mental health providers some therapists offer sliding scale fees a reduced fee for those who are unable to pay full rate,1,1,432,T,0.5659897923469543
228,i have terrible anxiety and depression ive tried various therapists and pills but nothings helped,depression,is it possible you simply didnt mix well with the particular therapists with whom youve worked   if this is possible interview a therapist before  starting therapy   then you will be choosing a therapist who feels compatible with your way of seeing yourself and your lifealso therapy isnt for everyoneread about the different healing modalities and see if one of these speaks to your interest in feeling betterwhat matters most is finding among all the legitimate healing methods what you believe will be effective,1,1,514,T,0.6894823908805847
2249,i terminated my counseling relationship with a social worker several years ago i am now realizing that i would like to begin counseling again  the social workers voicemail message says that he returns calls in  hours but he hasnt called me back i called him on the weekend and made it clear that i want him to call me back  can he just ignore me,legal  regulatoryprofessional ethics,yes your former social worker should return your phone callit is the professional ethic to do so and plain human decency to do soif he doesnt there is nothing you can directly do about the fact of his ignoring youthere are formal complaints you can make which you can consider doingwhat matters most is receiving social work servicestick with looking for another social worker who is willing to help youthe selfdoubts you mention may be worth examiningthey do not however excuse the social worker mishandling himself,1,1,516,T,0.828350841999054
2246,i am currently suffering from erectile dysfunction and have tried viagra cialis etc  nothing seemed to work  my girlfriend of  years is very sexually frustrated  i told her that it is okay for her to have sex with other men  is that really okay,human sexualityrelationships,hello and thank you for your question i completely agree with dr zehner many couples are in opentype or polyamorous relationships where one or both partners engage in sexual relationships with others the key thing about this is that it really does have to be something that both people are okay with now as dr zehner indicated what may be okay today may not feel okay tomorrow so good communication is essential the truth is even in polyamorous relationships where partners are in agreement jealousy does sometimes happen here is a good article about polyamorous relationships and the issue of jealousy httpeverydayfeminismcompolyamorousdealingjealousythis site has many other articles about polyamory if you type in polyamory in their search box you will find some good information i wish you wellrobin j landwehr dbh lpc ncc,1,1,826,T,0.620766282081604
2557,weve been in a long distance relationship for two and a half years i recently saw his phone and saw the people he texts the most and one of them was a  female coworker i dont know how to approach this situation how do i ask him about it,relationships,if youd like to ask a question then go ahead and askboyfriendgirlfriend is a close relationship and it is usually understood as an exclusive relationship  youre definitely entitled to know if your wishes to not have him texting another woman are being respectedoften people are afraid to ask because they fear the truth will hurt themin the short term this is definitely truein the long term knowing you are getting what you want and at the very least stating your expectations to your boyfriend will clarify for him what is meaningful in your relationship,1,1,556,T,0.7315515279769897
1153,i have no idea what happened i go places and do things but still feel lonely i honestly have no friends and i am always the one texting people and bothering people i feel invisible like someone that no one wants to be around,intimacy,a lot of times any and each of us creates what we need for ourselves by seeing other people as creating these circumstances and situationsis it possible that at this time period in your life being alone is positive for sorting through your true values or sorting through key situations in your lifeif yes then possibly you are giving yourself some alone time even though to some degree being alone is not your first choiceat the very least since you arent happy with being the one who texts others then some alone time may encourage new thoughts and ideas creating more open space within you to attract other people who do enjoy texting you firstalso most relationships are not forever  is it possible you are at a phase when some relationships are simply closing down so that you have clear space within your life for new and different activity,1,1,845,T,0.6098228096961975
1307,"im having issues with my relative the police never believe the experiences i have been through because i am only a kid 
   ive even had trouble trying to reach a therapist because i said i wanted to get an adult to help me could you please give me advice",familyconflict,i think it would be wise for you to call a hotline especially designed for children its called the childhelp national child abuse hotline the number is achild  it is completely anonymous and a trained therapist will be able to provide you with guidance confidentiality and can also help you make a report of you wantthe call is completely free and they are open  hours a day   days a week im glad that you are taking steps to improve your situation you are a very brave and an intelligent child please remember to call  if you are in immediate danger,1,1,550,T,0.8130560517311096
1649,i need to get on base to see my doctor my id card was in my wallet which was stolen im unable to reach my husband at this time he is only one who can take me on base in order to get a new id so i can continue to see doctor is there anything i can do,militaryissues,you should be able to get a replacement id card either from the personnel office on your local base the actual name of this office will vary depending on which branch of the military it is you may also be required to go to the military police or security office on base to report the loss of your old id card,1,1,308,T,0.5816565752029419
1299,hello i have a cousin in my family who has been making me feel belittled insecure and frustrated during her stay here in the city i know she comes from a place of love but she has always been shortfused and highly temperamental if something doesnt work out the way she planned it i have tried my best to coordinate plans with her but she always ends up frustrated about the lack of communication i seem to have on my part and then makes condescending comments about my character that include inconsiderate negative oblivious and self consumed    i have tried to talk to her openly about this but it always comes back as an attack on my character and i have never heard these comments from anyone else before i have been thinking a lot about her comments and whether i truly am an inconsiderate person who is not thoughtful spatially aware of surroundingspeople or positive but in the end i am feeling awfully hurt about how this has affected our relationship    what can i do,familyconflict,do you have a close friend or relative whos opinion you trust ask them for their honest feedback and if they see you like your cousin does if they dont see these qualities in you then it may be your cousins issue and shes taking it out on you you can always ask her what would be the best way to communicate plans with her so you know specifically what she is expecting then if you meet these expectations and she still blames you and comments on how inconsiderate you are its her issue and she is not coming from a place of loveeven if you do resemble her comments the way it sounds like she approaches this problem is not out of love the fact that youre introspective enough to consider your own behavior suggests the problem is not with you,1,1,743,T,0.6003938317298889
1634,i was mentored by this guy for a few years spiritually it was okay at times but other times it was just weird i try not to think about it too much but a lot of manipulation and lying happened yet no one else really believed me when i told them its like hes two different people and no one else really sees that side of him i was blamed for a lot of our troubles and now we dont really talk much im worried because hes in a trusted position of leadership and no one suspects anything they just think im attacking his character how do i know for sure,socialrelationships,you may intuitively be sensing what many professionals in the social sciences and psychology have already understoodjust google psychopaths and leadership and many articles come up about boardroom politics and that psychopaths are very successful in these rolestheoretically is it terrible that corporate leadership qualities match those of psychopaths  well yes  and i consider your question as a mark of your sensitive awareness toward other people  being able to recognize social dynamics is a strength that you havepsychopaths know how to be charming and to twist words so that others believe that their own interest is the same as the psychopathsi agree with you about not being able to change peoples minds who are attached to this persons interactionsthe only way you can introduce a change in the relationship system of a psychopath is that if you are aware of illegal or law breaking activity and you have evidence of this that you contact relevant authoritiesno one is allowed to break laws including psychopaths,1,1,1022,T,0.7285580039024353
1405,i have had a crush on this guy for years i last talked to him a few years ago when we graduated from high school we left off on a good note should i message him and see how he is doing or is it too late,relationships,youll only find out whether or not it is too late by following through with wanting to message himregardless of whether the response you receive is what youd hoped to hear including not hearing back from him you will have done yourself a great honor and respect by following through on a wish and curiosity youve had for some time,1,1,330,T,0.5488222241401672
1579,this is my recovery and i dont feel that it is okay for them to ask this they told me it is policy due to the fact that i may run into a peer there i am a peer counselor in the small community that i grew up in i am in recovery myself i was asked to come work for this organization after i was two years sober i was in treatment in this organization i work with mental health peers and run life skill groups i dont work with substance peers,addiction,you definitely want to make sure not to inadvertently create an inappropriate dual relationship with a client in fact it is not uncommon for state regulatory boards to determine that a clinician and client being in the same  step group is professional misconduct you might want to consider attending a  step meeting that is located in a different community than the one you work in  another option would be to look for oneonone or small group recovery support,1,1,459,T,0.7075272798538208
835,ive been suppressing it for quite some time but there are days when i cant make eye contact with her i think she knows and we both admitted there was some type of vibe but the overall discussion was vague i think she could possibly be dating someone that works with us its driving me crazy as an act of expression i have purchased a gift for her thats personalized i havent given it to her yet,workplacerelationships,there are many possible ways dating your boss could go awry and jeopardize your occupational wellbeing so my recommendation is to hold off on presenting your boss with a personalized gift and instead focus on building attraction and romantic interest with someone who is not at the workplace  sometimes the element of power and unavailability can heighten our sexual interest but that doesnt mean its a healthy idea to pursue someone who is in a position of power over you at your workplace,1,1,490,T,0.8888376951217651
1349,weve been in a long distance relationship for two and a half years i recently saw his phone and saw the people he texts the most and one of them was a female coworker i dont know how to approach this situation how do i ask him about it,relationships,if youd like to ask a question then go ahead and askboyfriendgirlfriend is a close relationship and it is usually understood as an exclusive relationship  youre definitely entitled to know if your wishes to not have him texting another woman are being respectedoften people are afraid to ask because they fear the truth will hurt themin the short term this is definitely truein the long term knowing you are getting what you want and at the very least stating your expectations to your boyfriend will clarify for him what is meaningful in your relationship,1,1,556,T,0.7315515279769897
277,i think i may suffer from depression and it is affecting my life and sleep i am on my parents insurance and they wont let me see a therapist because they dont believe in it,depression,the answer here really depends upon your age and something called the age of consent in the state where you live in pennsylvania anyone over the age of  can provide consent for their own treatment as for billing purposes try talking to some local agencies if you are under  you may be able to have medicaid out of medical necessity so that you can have treatment if you are over  there may be some discounted rates at some agencies because of the situation youre in maybe your primary care physician will be able to refer you to some local agenciesif you are in school you may be able to talk with a guidance counselor or someone at the school this would not require using your insurance,1,1,687,T,0.6971882581710815
733,im scared that i am with this man so i wont be alone he should be with somebody who deserves him if this is the case and i dont want to hurt him,selfesteem,while not wanting to be alone may not be the best reason to be in a relationship it is probably more common and normal a reason than you think  since you seem to care about your friend dont want to hurt him i imagine there are many other reasons that you are together  i suggest that you talk about this openheartedly with each other  the idea of being afraid of being alone sounds like an honest starting place  dont try to figure out whether you should be with him  just talk  the communication is likely to shine light on deepening connection for both of youin the meantime your idea that you dont deserve him is rooted in a core lie that you are telling yourself  you can read about core lies and much more in my book living yes a handbook for being human  check out wwwlivingyesorgbe easy on yourself  you are deservingmark,1,1,828,T,0.6491724252700806
1104,ive been in a relationship for almost a year and i absolutely trust my boyfriend he treats me nice checks on me and tells me sweet things however when it comes to making life decisions i feel he is very immature i try to talk things out so we can compromise or make sound decisions together but he lacks any ideas and prefers to just go with anything to avoid fighting as far as dates if i dont say anything plan it or have money to chip in we will not go i feel like i put in a lot of work supporting and sometimes spoiling and all i get is a loyal man who will not cheat and say sweet things on occasion,intimacy,well then your decision is whether you want to stay in this type of relationship or notone point to keep in mind is thisjust because hes not telling you his opinions doesnt mean he doesnt have any opinionsin the long run t is always easier to talk with someone about their differences from our point of view than to be someone who doesnt tell you what is in their mindshort term it seems easy to have someone agreeablelong term someone who doesnt tell you their thoughts and who disagrees with you may potentially go about their true wishes in hidden ways,1,1,555,T,0.5735355019569397
2666,"i have a friend that who i used to be in a relationship with it was brief and turned into us being just good friends

i spent the weekend with him and  it upset my boyfriend was i wrong",relationshipssocial relationships,thank you for submitting this question i think this type of situation can be common for many couples struggling with how to keep friendships with past relationships while being in a new relationship for me more information is needed herebut given the information provided the way i interpret the question isim assuming your boyfriend didnt know you were going to spend the weekend with your good friend  working off of this assumption i would suggest beginning an open and honest dialogue with your boyfriend about what specifically upset him and to talk about your point of view regarding spending the weekend with him i would also suggest talking about how you both envision your relationship when it comes to spending time with others if you feel like you cant have this conversation without it going off track please consider seeing a couples therapist they can help you begin these important conversations that can help shape and develop the relationship you and your boyfriend long for,1,1,991,T,0.8833264708518982
1571,i just need to know if im really crazy or not,behavioralchange,do an internet research on psychosis symptoms and see if you have several of the symptoms  if you do seek a medical evaluation from your primary care physician  there are great medications and psychotherapy that can help you live your life to the fullest  there a many people who are diagnosed with psychosis and living a productive life,1,1,337,T,0.6287834048271179
1476,my exboyfriend and i met over a year ago we hit it off and fell in love pretty quick however he has trust issues and assumed i was cheating when i found out i was pregnant we had just broken up five months later i lost the baby and we did not speak for a few weeks now we are talking and he says he loves me but is afraid i will hurt him again i just want to know where to go with this because i love him so much and i want to get back to us being happy and a family,relationships,trust is essential in romantic relationships and it is common to have trust issues  because the stakes are so high if both of you are committed and willing to be fully honest with each other trust can be repaired and become stronger than ever i would encourage you to seek out professional help as it easy to get derailed by fear when trying to work things out in the absence of trust when fear takes over  we tend to become defensive and act in ways that makes it harder to trust one another in addition to getting professional support i would encourage you to learn more about building trust in relationships and deepening connection through accessing various online resources on relationships,1,1,695,T,0.64729905128479
1148,we got into arguments and we would break if off but start it back up again we clicked or so i thought we are both married with problems in our marriage we never have sex we just send a lot of pictures back and forth and talk about doing things together his wife found out and he lied to her and didnt even refer to it as an affair i cant stop thinking about him we just click ive been married for  years and ive never liked anyone other than my husband now i like him and well never be together,intimacy,if you will never be together and in order to maintain this affair you need to deceive both of your spouses it seems unlikely that maintaining the affair will bring anything but heartbreak for everyone involved there is obviously something that you are getting from this that you are not getting in your marriage maybe this is a cue that there is work to do on your marriage to try to make it more fulfilling and if that is not possible then maybe you want something else for your life  if you and your husband are willing i would encourage you to do some therapy or counselling together  you may enjoy this article to learn a little more about some factors that lead to connection or disconnection and that predict separation and divorce,1,1,738,T,0.6652579307556152
239,i have a severe back problem ive had  major and several minor operations but im still in constant pain how can i deal with the depression from this chronic pain,depression,chronic pain at the back likely results from a few areasll kidney zone most likely lower backbone spurs fused discs and slipped discs caused by connective tissue weakness and calcium deposits used to neutralize highly acidic areasthe depression will evaporate when the chronic pain is drained out through natural meanspharmaceutical means will simply extend the pain and cause it to deepen over time not solving the problemremember medical doctors suppress natural doctors cure,1,1,477,T,0.8375306725502014
1213,my new daughterinlaw just informed me that she is smoking marijuana while pregnant because of her morning sickness im in shock and i dont know how to respond i just lost my mom and she was good with advice,substanceabuse,have you reached your own conclusions and reasons for these regarding the topic   when you feel confident in your own reasons for your conclusions then obviously ask your daughter in law for some time together and tell her what you think and your reasons for opinionsplan for this meeting according to the type of relationship you have with your daughter in lawsince your son will also be affected by the prenatal conditions of his child he may also be interested in being part of this conversationalso during your discussion find out the exact ways the morning sickness affects your daughter in lawit is possible that scheduling adjustments in routines can be made so your daughter has more time to rest or fewer responsibilities for a while until she feels bettermaybe you and other family members can lighten her daily routines so she has more time for herself to manage her morning sickness in a less risky waysending good luck,1,1,931,T,0.5475773215293884
210,im in my early s ive worked since two months after i turned  i have plans i could become an electrician or i could operate heavy machinery i have goals but i do nothing to try to meet them because i dont feel i can i just want a better life for my fiancée and the kids than i did,depression,if youre not following the goals you gave yourself there are two possibilitiesyou dont really like your goalsyou selfsabotage and prevent yourself from your own strengths and accomplishmentsthink through each of theseif youve set goals which arent true to your nature then intuitively some part of you will reject themif you selfsabotage get in your own way from achieving what you truly would like then ask questions of yourself around whether you feel undeserving of success,1,1,476,T,0.7627803087234497
207,i dont know if i have depression but i have been very sad there are nights that i dont sleep i dont eat all day sometimes i dont have energy to anything anymore,depression,these symptoms are all classic to the diagnosis of depressiona diagnosis itself doesnt help anyone get better  often people say the word depression as though it means something terrible   the diagnosis of depression can be depressingforget matching symptoms with a diagnosismore important to improvement is to know the reason for your sadness  when people become sad there is a reason for it and knowing this reason is the first step to changing the situation which creates the sadness in youthink of depression as a way to slow down and examine aspects of your life and relationships  if you continue at the same pace of living and didnt stop and examine your life then you may not notice what needs changing,1,1,709,T,0.5042861700057983
677,my daughter didnt see her biological father for the last three years she doesnt want to see him because she remember really bad things from him such as domestic violence and child abuse the visitation is with supervision but she refuses to see him is it better to take my daughter to the therapist and try to see him after the therapy,parenting,has the father or the visitation supervisor contacted you regarding why your daughter hasnt shown up for the past three years worth of supervised visitationor is the supervised visitation a new development for the bio dad and your daughterif no one is pressuring or expecting your daughter to show up no one has even asked where she is why she isnt present then i dont see any reason for you to offer more effort by your daughter than the father is willing to make for seeing herif your daughter is willing to talk with a therapist then let her find out first hand if the sessions seem useful or notthe one move id avoid is to force your daughter to go to a therapist since growing up in a household in which child abuse took place being forced may remind her of her own feelings from this past of feeling no one heard or cared about the way she wanted to be treated,1,1,866,T,0.6300588846206665
1131,weve been dating for two months now i have a heavy past that gets him angry does he have a right to penalize me for things i did before i met him,intimacy,not in my book youre only two months in at this early stage this is a bit of a warning sign if he cant accept or feel comfortable with who you are and decisions youve made theres already a level of discomfort here that shouldnt be ignored no he doesnt have the right to penalize you or punish you not just for past thingsnot for anything what he does get to do it tell you how it affects him sureif he feels uncomfortable or needs reassurancelisten to those things but if he doesnt dig who you are maybe he can walk the other way,1,1,529,T,0.5429062843322754
1261,my mom and dad got divorced four years ago i had to finish out the school year with my dad and now they are deciding which place is best for me i cant choose how can i choose if i love both places,familyconflict,if youve already stated to your parents that youd like your opinion to be considered and listed the key areas youd like them to keep in mind when making a final decision as to which house you will live then youve done all you possibly and reasonably can dosince you wrote that you have difficulty to decide in which parents home you prefer to live then even if you had free choice of whose house in which to live are you not better off with the decision made by them on your behalf,1,1,481,T,0.7892454266548157
686,what makes my step child an  year old boy choke my daughter a  year old girl this has been going on for  years the boy tells my daughter not to tell on him he knows its wrong we have did time out spanking taking away toys and sitting on the wall i am afraid for my daughters safety,parenting,i can see why you are alarmed that is a scary situation for a parent do you know if the child has been evaluated by a mental health professional early treatment is often the key a professional will be able to help the child learn how to control their anger and mend the troublesome actions into more appropriate responses have you addressed your concerns with the childs other parent there could be contributing factors in his life that could be causing these issues exposure to violence sexualphysical abuse drug use stressful events in his life etc it is important that these factors are identified so that they can either be eliminated andor reduced i wouldnt hesitate to have him evaluated if he hasnt been already and to ensure that he is getting the help that he needs whether it be medication andor therapy until then i would make sure that he is always supervised under an adults care,1,1,892,T,0.5901259183883667
1233,my mother takes care of niece whom my sister abandoned she calls me every day complaining but i dont want to hear it anymore,familyconflict,then one day when life between you and mom feels calm tell your mom that you arent able to listen to her complaints about your sisterthe truth exists whether or not it is acknowledged   bu acknowledging what feels real and necessary in your life you are helping your mom see what she may not like to see and what nevertheless is right in front of herthere is no good reason or good to come of hiding your own truth about not wishing to continue listening to your mom complain,1,1,475,T,0.5911526679992676
635,my daughter is in later elementary school she cant color in the lines her words jumble together when she writes unless there are big spaces or she skips lines,parenting,at times when a child is not displaying milestone behavior at the same rate that is average for their peers this should raise concern so you are correct in reaching out for advice speaking with your childs pediatrician as well as school staff may be the first places to start you can request that she receive an assessment and evaluation with a subsequent treatment plan to meet any needs she may have,1,1,401,T,0.798875093460083
978,any time things get heated the past gets brought up i raise my voice at her to try to get a point across she asks openended questions but always has to turn my own answer against me shes seven months pregnant i have drank in the past but im not dependent on alcoholi only drink at social events,angermanagement,have you tried to talk about the subjects of the past in the present at a time in which there is no heat between the two of yousince your gf would like to resolve situations from the past the best way to do so would be to talk about them  the more you try to avoid certain subjects the more likely they will come up between you at worse possible momentsif you can get ahead of the pattern of old topics coming up without your control then try scheduling a discussion about them  this by itself will show your gf you care about what she cares about and this may be one quality she would feel good about,1,1,601,T,0.544616162776947
374,im dealing with imposter syndrome in graduate school i know that by all accounts i am a phenomenal graduate student and that i am wellpublished i am well liked by students and faculty alike and yet i cannot shake the feeling that im going to be found out as a fraud    how can i get over this feeling,anxiety,it sounds like you are on the right track recognizing these nagging thoughts of self doubt as imposter syndrome is a huge step in the right direction  from what you have written here it appears that you are able to challenge your own thoughts and provide yourself with evidence that counteracts the imposter syndrome   continuing to remind yourself of what you have accomplished and looking at the facts at hand can help diminish doubt  remember many successful people battled imposter syndrome on the way to the top and still manage it  it might be helpful to read some of their stories so that you dont feel alone  the cut has a great article on  famous women on impostersyndrome and selfdoubt   business insider has a great article about men and the imposter syndrome too  remember if you jumped through all of the hoops to get into school and get published you belong,1,1,871,T,0.5293518304824829
1567,"i was with my friends fishing by a pond i found a frog and stabbed it with my friends knife im not sure why i did it my friends saw me do it it and were shocked and got really mad at me
   now if someone brings it up i get really upset and panicked i dont know why i feel like this does this mean there is something wrong with me",behavioralchange,the good news is your awareness that being violent to animals feels out of character for you   im glad you have awareness and im glad you are not at ease with killing frogsfairly likely that you were acting out aggressively toward the frog feelings of being on the receiving side of similar type of violencebasically you did unto the frog what someone has or to you feels like has been done to youuse your surprising finding of how strong your anger and most likely inward pain   reflect on your closest relationships and how these people treat you   it is possible you feel more hurt by someone who is close to you than you ever realizedstabbing innocent frogs is wrong  it is understandable as a way to show you how much inner pain you probably haveit is also wrong that someone close to you hurt youthe direction to go is to recognize your pain and then decide how to go about changing what is possible on your side of that or those relationships,1,1,949,T,0.5982456207275391
959,ive been with my boyfriend over  years he cheated on me and the woman is now pregnant he is physically and mentally abusive towards me i have attempted to talk with him in order to resolve our issues however he never wants to talk and often blames me for everything im always there when he needs my help he tells me although i help him doesnt mean that i am a good person he always discredits me as a woman and its hurtful i spend most day crying and feeling lonely i am unhappy and unsure of what i need to do,domesticviolence,that sounds like a very hurtful situation unfortunately without a batterers intervention course or a desire to change the abuse cycle is unlikely to stop i do not recommend that you try to leave on your own due that being the most dangerous time when in an abusive relationship as an abuser his goal is to control you whether its through mental or verbal means i recommend that you contact a domestic violence shelter in your area i have worked closely with harbor house of central florida and know they provide housing transportation and any other needed resources to women leaving an abusive relationship there is help out there and you are not alone if you need any additional resources in your area please dont hesitate to contact me,1,1,737,T,0.6567085981369019
1963,"my therapist is gay so there are no sexual issues here however my therapist for six years has made me believe that he cares about me and that we are friends i have loaned money to him many times and he always paid me back

i had a medical emergency last weekend and i was heavily medicated i knew that this therapist came into my home and wrote down my credit card information so he could pay back what he owed me but this therapist dropped me off and never came again  i dont know what to do",professional ethics,im sorry to hear that this has happened counselors are legally and ethically required to make sure that they always put the wellbeing of their clients above their own interests in addition counselor ethical rules and the laws in just about every state make it illegal for counselors to take advantage of a client financially a counselor borrowing money from a client even if the counselor pays it back would usually be considered to be taking advantage of the clientthere are a few options you have at this point if you cant or dont want to continue to try to contact him directly you can file a complaint with your states regulatory board and let them know what has happened  an investigator will then look into the situation for you  another option would be for you to find a different counsleor who can provide you with an independent and netural point of view to help you figure out how you want to handle this situation,1,1,924,T,0.7664909362792969
2470,sometime when small thing happen like losing a comb i get furious  i even start throwing things do i have a problem,anger management,anyone who asks whether or not they have a problem usually feels at least partly that they do have a problemyour answer to the question is what matterssince you already understand that your reaction is overstated to the events which trigger them the reactions youre having are more than likely anger that is leftover from past events either in the near or distant pastbe aware consider reflect on  how you usually handle feeling angry  based on your description here it is quite likely that the anger you show toward what you call little things reflect anger at much bigger matters that are uncomfortable and not easy to understandknowing more about the more significant matters causing frustration for you may very likely decrease reacting angrily toward smaller matters,1,1,771,T,0.5169387459754944
1268,i have a mother who is still running my life even though im almost  years old i want to move out and live my own life but it feels like as long as i do what my mom wants our relationship is okay its never okay if i dont do what she wants    i dont know how to start making my own decisions and not worry about whether its right in her eyes would it help for me to talk to someone about this,familyconflict,if the only way the relationship you have with your mother feels okay is when she is the only one who makes decisions concerning your life then this only seems okin fact it is not okay for one person to be the authority for another person unless the one for whom this is being done does not have their own ability to think for themselvesseparating your own wishes and way of handling life matters from your mothers point of view may be difficultfirst realize you need to get familiar with feeling at ease with the idea of deciding matters for yourselfyoull need practice until you feel comfortableunless if youve been thinking through decisions youd like to make and the idea of your mothers anger is the only point which stopped you then you may almost instantly start living in a liberated way of running your own lifebasically it is right and fair for you to have the chance to live your life the way you feel is best   be prepared that your mother may disagree with you and that her disagreement is not a reason itself to not do what you believe is in your best interest,1,1,1074,T,0.5551788210868835
1147,my partner and i have had an amazing relationship and connection for over two years were very committed to each other and are planning a very long life together however he recently was very open and honest that he isnt interested in having sex with me anymore he says this has happened in every past relationships and has ended it as a result he knows its because its the same person feeling but how can he get over this,intimacy,i wonder how long anymore will be for your boyfriendsince you both are planning a long life together instead of his custom of ending relationships when he feels bored with the sex he will be facing the situation of being in a relationship and not having sex with his partner to whom he is committedwhat are your own views on the meaning of sex in a relationshipknowing this will help you be better able to collaborate with your boyfriend on finding ways of balancing what you each would like,1,1,491,T,0.7991546392440796
817,"i am in a high stress position for a tech company i am being overworked and underpaid for my contributions and it is not only giving me anxiety but also demoralizing
   what can i do to manage my stress",workplacerelationships,i am curious what makes you stay sometimes managing stress is only a band aid to a bigger problem when you ask yourself what your life would look like without this stress what do you see we can easily talk about coping strategies for stress mindfulness deep breathing meditation journaling exercising etc all of which may be things to help manage your stress hearing your sentiments above i am being overworked and underpaid for my contributions i wonder if the stress is more resentment and if managing is really the solution,1,1,526,T,0.5238168835639954
1066,nothing weve tried has worked so far,intimacy,probably what you should do is decide whether you can continue having a romantic and sexual relationship with someone to whom you dont feel like having sexfive years is long enough to know that the way you feel toward your partner is more than likely going to remain this waytalk with your gf about your feelings because she may not wish to be in a relationship in which her partner is not sexually attracted to her,1,1,415,T,0.5443361401557922
654,shes in her early s and she has a toddler,parenting,well first lets identify what factors are involved in the situation about which you wroteare you the only decision maker regarding your stepdaughter living with youis her dad and your partner living under the same roofwould you feel any obligation to consult with your husband about his opinion and his way of handling the situationhave you talked with your stepdaughter about your observation and your reaction to the fact of her not honoring your boundariesconsider too that there will be an effect on the toddler your grandchild if you kick out your daughteris your daughter financially ready to live on her own and support herself and her childyou certainly have the right to define the terms of what goes on under your roofit is only fair to everyone that as many variables as possible be consideredthe conclusion may be that it is in everyones best interest for your stepdaughter to move outif everyone feels respected and a well thought out plan is developed then the least amount of hurt and stress and the most amount of happiness will be possible from this change,1,1,1073,T,0.7505375146865845
493,sometimes im fine and can go out or meet people but other days my heart races and words physically cannot come out of my mouth ive always thought it was normal and i was just nervous but the other day it took me almost  minutes of sitting in my car to find the courage to enter target by myself,anxiety,it is possible that you could have or be developing an anxiety disorder there isnt really enough information provided here to suggest a particular disorder but it might be worth meeting with a counselor or therapist to do a formal assessment some of the questions they might ask could be what other kinds of physical symptoms you experience how frequently these physical symptoms happen whats going on for you when they tend to happen and how frequentlyintensely you find yourself worrying in general anxiety itself is a really natural thing  its just when it starts interfering with your ability to do life the way you want that we start to consider potential disorders it might be that for the most part the anxiety you feel is normal and you simply have some triggers that intensify it more than usual working on your own or with the support of a counselortherapist to both address those triggers at the root and also to develop ways of managing the actual anxiety symptoms this twofold approach can be really helpful for not letting anxiety keep you from engaging in life the way youd like,1,1,1093,T,0.5950623750686646
659,i am in my s with  kids and no job and im behind on the bills ive been trying everything with no results i feel like everyone else puts their needs in front on mine i give intil it hurts and im afraid that im going to fail my babies    ive been struggling for  yrs in a relationship with no communication and no alone time how can i get some support,parenting,financial stability is probably a good place to start your new life projectif your partner doesnt work or doesnt contribute his money to the household bills then maybe you are eligible  for some type of stipend from the governmentespecially since you have kids the child welfare service may intervene to help you  sometimes too a partner who is unwilling to pay for their kids wellbeing may be pressured by child welfare to make regular contributions to you and your kidsim glad you are thinking of your needs and those of your kids  this is the philosophy which will show you what road to follow so all three of you are in a secure financial place,1,1,648,T,0.9081723093986511
1022,i love my girlfriend so much i get an erection even just thinking about her or seeing her but the two times we tried to have sex i couldnt get an erection weve only had sex once and it was a long time ago    why this is happening and what can i do about it,intimacy,sexual desire seems to be straightforward  i like someone and i become aroused at the thoughts of being intimate with them  but that idea does not always take into account other factors stress can have a huge effect on our body and how it performs  when we are overstressed for example we often find ourselves ill at the same time  can you think of any part of your world that may be causing you some additional stress additionally focusing on your erection may also be increasing the level of stress you feel about being intimate which could also effect your ability to get and maintain an erection  while this may seem counter intuitive it makes sense in the word of stressfinally its never a bad idea to follow up with your doctor as well you did not mention your age or sexual history outside of this relationship but it is always a good idea to check in with medical staff to make sure there is nothing physically responsible for changes in our body as well,1,1,962,T,0.7660634517669678
1492,we have been fighting a lot and have  kids but we both want to stay together i need some help to save our family,relationships,hello i do not live in the california area however perhaps i could make some suggestions as to where you might look for free counseling first i must mention that most insurances now cover for many different types of issues including family issues if your girlfriend lives with you most insurances now cover livein partners as well if you have insurance contact your policy provider and ask whether or not couples counseling is includedaside from insurance the next place that comes to mind is a religious affiliation do you belong to a church or other religious organization many of the pastors or leaders in these disciplines have significant training in counseling as well as assisting with marriage and couples counseling these services are ordinarily offered free of charge to membersanother option might be to explore support groups within the area there may be a group in the form of a couples support group that brings couples together to explore their relationships in the safety of the group if you find there are no such groups in your area there are anonymous support groups online here is one such site httprelationshipsupportgroupscom,1,1,1147,T,0.6376040577888489
646,she cried because she lost all trust in me now i feel disgusting and like my heart just got stabbed what do i do,parenting,you felt bad when you lied so you told the truth  i imagine your mom was really shocked and upset  both of those things tell me you are a pretty honest person  its possible that your mom had a big reaction simply because she has learned that her child from whom she always assumed honesty was capable of being dishonest  thats not awesome but its not the end of the world  you made a mistake  youll make more of those in your life just try not to make the same ones over and over againit sounds like you and your mom are close so i can see why it would feel so awful to have her distrust you  since you are a fundamentally honest person the way back to being trusted is going to be simple but may take a little time  the recipe is easy  say what you are doinggoing to do do only that unless change is necessary in which case you inform others involved and repeat  and cut yourself some slack  your mom will recover and so will you  its an important and painful lesson about integrity but once learned it will serve you well,1,1,1023,T,0.6498837471008301
1112,im trying to make marriage work after a split before our split he lied a lot and broke every promise to me i dont think he cheated last month i asked what women work with him so he told me yesterday i found out about a girl that he said he forgot about should i be upset,intimacy,imagine your best friend just told you that her husband lied to her all the time and that he had broken every promise he ever made to her what would you tell her if i were her best friend id tell her to run the other way you may love this man we dont choose who we love but the evidence is pretty clear isnt it a healthy relationship cannot be built on a foundation of lies and broken promises i believe that as adults we are always treated as well as we insist on being treated by our partners if you continue to accept unacceptable behavior you are likely to see lots more of it,1,1,580,T,0.6478003859519958
1083,shes busy because her mom makes her clean all the time and go out places with her family we dont talk much because of it also we have little fights we want to work it out but we dont know how,intimacy,maybe your girlfriend feels torn in her emotions between loyalty toward her family and toward investing herself in a relationshipthere are so many maybes that the best way to strengthen your relationship is to ask your girlfriend if she feels any pressure from her family to avoid involving herself with youif the answer is no then continue to talk with each other as to what would make you each feel more secure with one anotheralso more simply are the  two of you able to resolve the little fightsdifferences of opinion are normal between two people even to the point of each person feeling they are the only one who knows the correct answeras long as each one of you has the goodwill to give a little then the fights are a healthy way to respect and care about each otherif the fights are about the same topic which repeats itself then there are strong differences between the two of you including the possibility that her family places and she is willing to accept some obstacle to this relationship,1,1,1003,T,0.5654771327972412
1163,im a  year old male and having erection problems still have the desire for a woman awfully frustrated any suggestions my doc doesnt want to discuss it,intimacy,when a doc blows you off it may be a signal that it is time to find a new one ed can often be caused by health issues if all physical possibilities are ruled out then its time to look within and enlist the help of a sex therapist heres a good article for you to start with,1,1,272,T,0.5594090819358826
708,im a teenage girl and i feel very bad about my weight i dont know how to make it stop,selfesteem,one way may be to take some sort of physical movement class in which you will be regarded by the teacher as one of the students not the girl who weighs a certain amountin a movement class such as pilates yoga aerobics weights dance when the standard for clothing is somewhat fitted and shows more of our physical bodies than regular clothing and to be considered as one of the students not stigmatized for how much or how little you weigh may help you be as accepting of yourself as the teacher is of you,1,1,504,T,0.7841010689735413
507,i am so terrified of having sex anymore because i have been told over and over that sex is dangerous even though me and my partner used both forms of protection my partner is not happy about this and simply wants more sex and honestly i want to give that to her,anxiety,i would suggest possibly talking with a physician about all the different types of protection they may be able to help you to know about all of the options that are availableit sounds like your partner is open to understanding your concerns perhaps until you have the chance to speak with someone about the effectiveness of different contraception and forms of protection are either of you open to other forms of engaging in sexual intimacy without penetration but with use of vibrators toys designed for sexual interactions etc,1,1,528,T,0.8037996292114258
1304,"i am having a problem with extended family members who are inappropriately urinating in my home they are peeing in cat litter boxes bottles and directly on floors and in corners of my house
 is there any literature that supports why such adults would behave this way this is not a joke i am trying to understand",familyconflict,hi this sounds like a very challenging and upsetting problem  good for you for reaching out my first thought is these two adults may have a sleep disorder that could be contributing to the urination in inappropriate places since they are adults and you cant force them to seek treatment  you might be able to suggest that there could be an underlying medical issue and advise they speak with a medical provider  as far as what to do for yourself  set some firm boundaries be clear about the expectations of your home also include the positive and negative consequences should they decide to address or avoid this issue i hope this helps you your family members and the pets,1,1,673,T,0.7735346555709839
248,i have been dealing with depression and anxiety for a number of years i have been on medication but lately my depression has felt worse can counseling help,depression,my initial response  consider a more comprehensive mh assessment to determine other factors a medical evaluation is warranted to rule out poor health issues blood work is helpful review what hadnt helped,1,1,203,T,0.9391464591026306
1294,she is living with her boyfriend of seven years he is in therapy for depression and social anxiety he hasnt worked in all this time,familyconflict,congrats on your upcoming grandchilddoes your daughter want you to break news of her pregnancy to the familytalk with your daughter first whether or not she would like you to tell other family membersalso given the other facts you mention in your post if household and financial management are areas you feel your daughter is vulnerable then bring up these topics toostay open minded about your daughter having views which are different from yours,1,1,447,T,0.6730563044548035
1306,i started dating a guy i met online he told me that he registered sex offender but he didnt do anything he took a plea to always register as sex offender and he did two years that was more than two decades ago nothing on his record since i always believe the past should be left in past but my roommates their family and my son are unforgiving should i forgive this man that im falling in love with or should i dump him if i stay with him i will never see my family and granddaughter again,familyconflict,thank you for your question trust is a huge thing in relationships and when that is broken or perceived as being broken it takes a long time to repair from what you shared it sounds like your boyfriend took steps to correct the situation and has shown to be trustworthy since unfortunately no matter how much we apologize for something we did or for something others perceive we did there will always be those with hardened hearts and will not forgive if you feel confident in your relationship then trust your inner wisdom we cannot control others but only ourselves respect your families wishes to remain in unforgiveness while at the same time ask them to respect your wish to believe in him and be in this relationship good luck to you,1,1,739,T,0.5402452349662781
1441,we had great chemistry but then he became distant i had the feeling that i cant be without him as soon as i felt the difference i was scared to lose him i started freaking out if he did not answer thinking that something bad happened,relationships,the simplest answer is that love feels good obsessions dontlove deepens a sense of peacefulness and securityobsessions give anxiety and worry of feeling abandonedone suggestion is to study more about yourself and why youd feel so ill at ease when you arent w this person,1,1,270,T,0.6253762245178223
1126,im in a relationship with my childs father im a really jealous person we dont go out or do anything with other people because of me to keep our relationship going i know i have to stop being jealous but i cant how can i get over these issues,intimacy,it may be important to look at this as getting through something rather than getting over it if youre aware of the reasons why you are jealous i dont know if they relate to this relationship or a previous one but you could remind yourself of the differences if your feelings of jealousy relate to something from your pastalso it may be beneficial to have a conversation with your childs father if you are both open to having a discussion about this in a way that you summarize what each other is saying so you are sure that you are understanding each other at least to some degreealso consider what you may want from your childs father to assist you with this you cannot make him do anything to support you with this but you can certainly askwhat is something you could start or stop doing to move you toward your goal,1,1,818,T,0.6092172265052795
1952,"she was raised by her abusive father and his wife  years ago i shot and killed my rapist and was convicted in louisiana i lost custody of my daughter and served  years when i was released she was  and didnt remember me many many sad memories came from my having to leave her visit after visit having to leave her in texas to travel back to louisiana she doesnt remember that i do
over the years i thought we had developed a close mother daughter relationship she gave me good reason to doubt that on several occasions but especially last year i have been cruel to her verbally and to my son who i met years after giving him up for adoption last night i was angry at the world and afraid of god i drank and cussed out a maintenance worker for not doing his job  months running now im not only feeling guilty for that but afraid of being evicted now help",parentingsubstance abusespirituality,was either parent abusive or violent toward youyou sound to have suffered emotionally in your relationships since early in lifeone point to consider is to strive for moderation in what you offer in relationshipsa lot of what youve lived through is extreme either as victim or perpetratorif you imagine that apologizing to the custodian for the way spoke to him would calm him down do soat the very least youll be actively resolving your guilt over cussing at him and fear of his retaliation,1,1,490,T,0.6510909199714661
601,is this something i should be worried about should i do something about it,parenting,i recommend asking your son about the reasons he chooses to play alone at recess if he is happy on his own and you know he has some friends i would not be very concerned however there may be bullying going on at school in the case of bullying it may be a situation where you as his parent will need to step in,1,1,309,T,0.6763908267021179
1100,hes lied about his pastpresent situations since time has passed he has changed but i still have my doubts i have no idea if i should stay or go but i hate this feeling i dont trust him all too much but yet he hasnt done anything for me not to trust him recently,intimacy,your doubts about your dating partner need to be addressed and solved so you can fully believe him againotherwise how would you actually know whether hes lying to you now or notstart the conversation with him about wanting to trust him and asking for whatever details you feel will give you confidence he is telling you the truthif he really wants to clear your doubts then he will be willing to invest in answering your extra questions or wanting to look through his phone or whatever areas you felt were violated by him in the past,1,1,533,T,0.6758895516395569
1458,i have several issues like i dont like people they make me sick i have issues with talking to people i feel like they are talking about me and making fun of me i have felt this way for years when i look people in the eyes i have voices that tell me to hurt them and if i dont stop looking at who i am talking to it gets so loud i cant hear what they are saying i just stay away from people to avoid this i look at people and think how i could hurt them i feel like i am worthless and would be better off not in this world where i dont fit in every day i wake up its like another day any info would be good,relationships,sounds like you are dealing with a lot within your self which is causing you great pain  i would suggest that first you get a full physical evaluation to make sure that you are ok physically  then getting a mental evaluation as well from a psychiatrist  seeing both would help rule out any physically or psychologically causes to your symptoms    after getting these evaluations your physician should be able to help guide you on what treatments would be the best to help with your everyday challenges your are facing  whether treatment includes medication andor psychotherapist would be discussed  please consider doing both immediately so you can have the live you want everyday you wake up,1,1,692,T,0.5915693044662476
1588,i had a dispute with my therapist regarding an appointment cancellation now she is blocking me from seeing other psychologists at the same clinic which takes my insurance which is also where i get my psychiatric services there is a strict  hour cancellation policy and my appointments are at  on tuesday i called to cancel at  the previous friday i was late so we contacted my doctor to tell her that i would be out of town she said i could do a phone in session the thing is we do double sessions,legalregulatory,my recommendation would be to try to talk to your therapist about this  from your description it sounds like you have a legitimate explanation for missing your scheduled session maybe if you could explain that to her she would be willing to work with you if she is not willing to consider your explanation and if she is not willing to continue working with you she still has an ethical obligation to provide you with referral resources to another therapist,1,1,456,T,0.8586999773979187
2132,"i need answers to my anger possessiveness and urges
i am angry all the time i push people away so much that i actually blow up on people now because they ask me how my day is or was i have a possessiveness to someone who is not even mine i have these urges to hurt someone really bad i want to see them beg for me to stop hurting i want to hear their agonizing painedfilled voices what is wrong with me",anger managementsocial relationshipsrelationships,what result are you hoping to get from the behaviors you describemaybe start by comparing the results you see yourself receiving from your current interactions with how you would wish to feel from relating to otherssince you ask what is wrong with me there is a disconnect between what you are doing and what youd like in returnthis is true even with imagining doing harm to otherswhat are you really trying to accomplish for yourself by hurting othersbesides the unethicalness and criminality of this and legal consequences of arrest for such behaviors what gain which is not evil do you expect from overpowering and imagining you control another human being,1,1,659,T,0.6690554618835449
2535,"she refuses to talk to me and told my mom her grand mother that she is remembering things from the past i dont know what to do my daughter blames me and swears she hates me

my parents say i should just let my daughter live with her dad but i dont see how i could fix things if i only see her every other weekend what should i do",family conflictparenting,sorry to hear about your high degree of stresshow old is your daughterwho abused yours daughterthe answers make a difference to your decisionobviously if the father was the abuser then unless your ex demonstrates to you and you believe he will not abuse her your daughter should stay with youif someone other than the father was the abuser and the father has a good relationship with your daughter then it is possible that the time away from your household will give each of you time away from arguing with one anotherwhat does your daughter tell you she wantsher wishes must be considered toorelationships can be fixed   sometimes being apart helps this process because the two people each have time to reflect more deeply on what they value about the other,1,1,758,T,0.62042236328125
840,does this go against any ethical codes are there legal ramifications,workplacerelationships,generally the ethical codes only prohibit relationships with clients there are however a few types of counselortocounselor relationships that are prohibited by the ethics codes such prohibited relationships include those between supervisors and supervisees between professors and students or any time the relationship might negatively impact your or their clients lastly some workplaces have rules against dating coworkers it would be a good idea to check if there is such a rule that applies to you,1,1,499,T,0.5285109281539917
506,ive been dealing with this for years my mom thinks im overly emotional and refuses to offer any help like therapy or seeing a doctor shes seen me when im having a panic attack and just said i was faking for attention or that im a hypochondriac i just want to get better,anxiety,how old are youare you old enough in your state to have therapy without your mothers consentyour moms attitude toward you may be one significant reason on why you feels so much tension in the first placedont let her opinions and beliefs get in the way of what you know about yourselfare you in school and does that school have a guidance counselorwould you talk with that person about your difficult getting your mom to retain helping services for youkeep looking for local resources which will support you either directly or indirectly by advocating for your right to receive mental health care,1,1,595,T,0.70365309715271
2677,"im concerned about my  year old daughter 

about a month or two ago she started walking on her toes as well as coloring and writing very messy this all happened very suddenly she has never walked on her tiptoes and has always colored and written very neatly 

is this something i should be concerned abou any advice will help",parentingchildren  adolescents,have you asked your daughter why shes doing the behaviors you describeoften the best way to find out why someone does something is to simply ask them their reasonher answer will give you some guidance as to next possible stepsif shes pretending to be a fantasy figure or trying to find out how being taller feels or walking on high heels or some other image then knowing this rules out that she has some unbearable pain in her arch which may require more practical answers such as new shoes or even indicate a medical problemask if shes noticed any change in the way she walks   maybe she doesnt know shes doing this and maybe she feels embarrassed to tell you shes doing something a bit oddsince usually  year olds dont color is it new that she started coloringmaybe given the fact of messy handwriting shes in a phase of pretending or reflecting on good times as a young childthen this becomes the topic of examinationdoes she feel insecure about being on the cusp of adolescencesome of these questions can be asked directly and some are for you to first decide based on what you know of your daughter which questions and what direction to take in understanding your daughters motivation,1,1,1189,T,0.5297539234161377
681,my exhusband told my two adolescents that santa doesnt exist on the day before christmas they are desperate to hold on to the magic of christmas but i dont know if its right for me to lie to them and tell them that santa is real i dont want to let them down and make them lose out on those memories but i also dont want to lose their trust,parenting,well boise the cats out of the bag now isnt it i love that you want to help your kids keep the magic of christmas they must want that too if they still believe in santa into their teen years which is unusual i believe i wonder if they had already figured it out anywaybut they know now and your ex had the right to tell them if he felt it was best so its time to explain to them what a loving and magical thing it is that parents do and christmas can still be magical in so many ways really who says they have to stop believing in santa santa is very real as a spirit of surprise generosity and love,1,1,599,T,0.5339271426200867
1587,they discontinued treatment for no apparent reason after they thought to diagnose me with schizophrenia,legalregulatory,the general rule against medical abandonment says thst whenever healthcare providers discontinue treatment with you when you still need it they are legally required to make sure that you have access to another provider of equal or higher abilityin this case if your treatment team decided to discontinue your treatment based on a diagnosis of schizophrenia they still will likely be required to provide you with a referral to someone who can provide you with treatment if you havent already done so id recommend that you explicitly ask for a referral,1,1,550,T,0.8440921902656555
314,im in a state of depression right now who can i talk to ive been sick in a lot of pain and crying dont know where to turn,depression,first of all if youre sick and in pain have you seen your doctor if you have a chronic illness and pain this can often lead to depression and is very common youve taken the first step to dealing with it you can talk to your doctor even if your depression isnt related to your health he or she can either look at prescribing you an antidepressant or can refer you to a psychologist or psychiatristif thats not really an option for you there are also helplines local or national or support groups where people dealing with similar issues can talk to each other if you cant find any in your area newspapers usually publish this information there are online support groups as well,1,1,676,T,0.656501293182373
810,my husband and i got into a huge dispute he said he wanted a divorce and i left i still come home a lot and see my kids and he has not filed yet even though he still said he is what does that mean for our marriage,relationshipdissolution,in any relationship including marriage each partner will be better able to do their part by understanding their own interests and wishesconcentrate more on what youd like from your marriage  this will naturally raise the questions and criteria of what to talk with your husband about and what to ask of himthink over whether you wish to divorce or notsince he hasnt taken any action then for the moment you can assume he is not sure of what he wantsonce you feel a little more clear on your opinion about your marriage including feeling uncertain if youd like it to end or continue then you will be able to tell your husband the suggestions you have for resolving the dispute matter and emotionstry to redirect your speculations about what does he want i wonder what hes thinking back to answering these very reasonable questions about yourselfthis will strengthen your own purpose in clarifying where to start and guide a discussion with himgood luck,1,1,951,T,0.5262665152549744
1547,i cant understand what i pay attention to,behavioralchange,one way to concentrate is that if your mind starts to wonder then remind yourself to bring your attention backstart with short time spans of expecting yourself to concentrate  youll more likely succeed with concentrating with small time spans than longer onesonce you start seeing your success this will motivate you to try increasing the length to expect yourself to concentratethe task of selfreminding is the same whether for long or short time periodsalso before starting this exercise ask your medical doctor if the problem can be related to a physical health problemif there is then have the possibility ruled out that your difficulty concentrating comes from the mental ability to concentrate and not some medical reason preventing thisbefore someone can engage their psychological will there must be a clean medical body and mind with which to work,1,1,856,T,0.655473530292511
